0,104,1.0,a,1,5.30707887221661,0.10055741202086205
1,50,1.0,a,1,5.478933302931462,0.10055741202086205
2,42,1.0,a,1,6.787681496567709,0.10055741202086205
3,35,1.0,a,1,6.5832695166881,0.10055741202086205
4,104,1.0,a,1,4.431673574563296,0.10055741202086205
5,50,1.0,a,1,5.594834048657608,0.10055741202086205
6,31,1.0,a,1,8.019222257624392,0.10055741202086205
7,31,1.0,a,1,6.30335313841596,0.10055741202086205
8,46,1.0,a,1,6.1719531751138215,0.10055741202086205
9,46,1.0,a,1,5.387206978549439,0.10055741202086205
10,42,1.0,a,1,,0.10055741202086205
11,35,1.0,a,1,6.295682888699817,0.10055741202086205
12,117,1.0,a,1,7.619976390030672,0.10055741202086205
13,39,1.0,a,1,6.0309280192544525,0.10055741202086205
14,39,1.0,a,1,,0.10055741202086205
15,126,1.0,a,1,6.4262457095502,0.10055741202086205
16,126,1.0,a,1,4.480490925943865,0.10055741202086205
17,109,1.0,a,1,,0.10055741202086205
18,109,1.0,a,1,,0.10055741202086205
19,117,1.0,a,1,6.391633991240256,0.10055741202086205
20,100,1.0,a,1,6.287808373028826,0.10055741202086205
21,100,1.0,a,1,3.9210025682087224,0.10055741202086205
22,113,1.0,a,1,5.496175929852196,0.10055741202086205
23,121,1.0,a,1,7.790176872448399,0.10055741202086205
24,113,1.0,a,1,5.387110904544932,0.10055741202086205
25,121,1.0,a,1,6.617555372778911,0.10055741202086205
26,47,1.0,b,1,,-0.17242250312119722
27,43,1.0,b,1,5.443136067160484,-0.17242250312119722
28,43,1.0,b,1,,-0.17242250312119722
29,40,1.0,b,1,,-0.17242250312119722
30,40,1.0,b,1,,-0.17242250312119722
31,47,1.0,b,1,,-0.17242250312119722
32,32,1.0,b,1,6.318620305520418,-0.17242250312119722
33,127,1.0,b,1,6.145320183414181,-0.17242250312119722
34,36,1.0,b,1,5.739876509971015,-0.17242250312119722
35,36,1.0,b,1,,-0.17242250312119722
36,114,1.0,b,1,6.829454220423561,-0.17242250312119722
37,114,1.0,b,1,,-0.17242250312119722
38,110,1.0,b,1,7.444594788414127,-0.17242250312119722
39,32,1.0,b,1,7.603343477831295,-0.17242250312119722
40,101,1.0,b,1,7.751138917359077,-0.17242250312119722
41,127,1.0,b,1,6.154335664580291,-0.17242250312119722
42,122,1.0,b,1,4.326368565342247,-0.17242250312119722
43,118,1.0,b,1,4.869870182047948,-0.17242250312119722
44,124,1.0,b,1,,-0.17242250312119722
45,110,1.0,b,1,,-0.17242250312119722
46,105,1.0,b,1,6.080212332334539,-0.17242250312119722
47,105,1.0,b,1,,-0.17242250312119722
48,101,1.0,b,1,,-0.17242250312119722
49,118,1.0,b,1,5.9130839989483075,-0.17242250312119722
50,124,1.0,b,1,6.247982911395397,-0.17242250312119722
51,122,1.0,b,1,5.149405440456479,-0.17242250312119722
52,33,1.0,c,-1,5.2860322121143986,0.10055741202086205
53,33,1.0,c,-1,5.594666768941371,0.10055741202086205
54,29,1.0,c,-1,6.326129794965063,0.10055741202086205
55,29,1.0,c,-1,,0.10055741202086205
56,125,1.0,c,-1,6.256093552804271,0.10055741202086205
57,119,1.0,c,-1,,0.10055741202086205
58,41,1.0,c,-1,,0.10055741202086205
59,41,1.0,c,-1,,0.10055741202086205
60,111,1.0,c,-1,,0.10055741202086205
61,37,1.0,c,-1,4.48063817716037,0.10055741202086205
62,48,1.0,c,-1,5.924448292255195,0.10055741202086205
63,48,1.0,c,-1,5.264465813622397,0.10055741202086205
64,44,1.0,c,-1,5.406139849076783,0.10055741202086205
65,44,1.0,c,-1,4.6138920397999605,0.10055741202086205
66,119,1.0,c,-1,6.303340327229964,0.10055741202086205
67,37,1.0,c,-1,6.541761333431414,0.10055741202086205
68,115,1.0,c,-1,4.99112622370803,0.10055741202086205
69,115,1.0,c,-1,5.099366302782516,0.10055741202086205
70,106,1.0,c,-1,,0.10055741202086205
71,106,1.0,c,-1,5.546734824882903,0.10055741202086205
72,125,1.0,c,-1,5.387019396910843,0.10055741202086205
73,111,1.0,c,-1,4.991214593856652,0.10055741202086205
74,123,1.0,c,-1,4.93220517439244,0.10055741202086205
75,123,1.0,c,-1,5.461129003202892,0.10055741202086205
76,102,1.0,c,-1,2.1273980251006908,0.10055741202086205
77,102,1.0,c,-1,6.34848843016038,0.10055741202086205
78,107,1.0,d,-1,5.347916727039321,-0.17242250312119722
79,30,1.0,d,-1,4.48004904215211,-0.17242250312119722
80,30,1.0,d,-1,5.3675355459845795,-0.17242250312119722
81,49,1.0,d,-1,,-0.17242250312119722
82,107,1.0,d,-1,,-0.17242250312119722
83,116,1.0,d,-1,4.693940847861482,-0.17242250312119722
84,38,1.0,d,-1,6.231528143695417,-0.17242250312119722
85,38,1.0,d,-1,6.768569070840214,-0.17242250312119722
86,34,1.0,d,-1,7.255891370463231,-0.17242250312119722
87,116,1.0,d,-1,6.214920049760313,-0.17242250312119722
88,34,1.0,d,-1,4.52683019453684,-0.17242250312119722
89,103,1.0,d,-1,,-0.17242250312119722
90,103,1.0,d,-1,4.431530829576971,-0.17242250312119722
91,49,1.0,d,-1,5.640448561020928,-0.17242250312119722
92,45,1.0,d,-1,7.409591216328307,-0.17242250312119722
93,112,1.0,d,-1,6.256118495938723,-0.17242250312119722
94,108,1.0,d,-1,5.5301470836587425,-0.17242250312119722
95,108,1.0,d,-1,,-0.17242250312119722
96,128,1.0,d,-1,,-0.17242250312119722
97,45,1.0,d,-1,7.321910518284735,-0.17242250312119722
98,120,1.0,d,-1,6.988774740245767,-0.17242250312119722
99,128,1.0,d,-1,6.6342600950409,-0.17242250312119722
100,112,1.0,d,-1,5.779619427451569,-0.17242250312119722
101,120,1.0,d,-1,4.8371545419677835,-0.17242250312119722
102,49,2.0,a,1,,-0.18998370785266158
103,30,2.0,a,1,6.446405298676672,-0.18998370785266158
104,107,2.0,a,1,6.264131327167453,-0.18998370785266158
105,49,2.0,a,1,6.040954466391687,-0.18998370785266158
106,34,2.0,a,1,,-0.18998370785266158
107,107,2.0,a,1,,-0.18998370785266158
108,30,2.0,a,1,4.962208064058263,-0.18998370785266158
109,103,2.0,a,1,6.873905794916431,-0.18998370785266158
110,103,2.0,a,1,5.367563539284851,-0.18998370785266158
111,45,2.0,a,1,6.583280583179732,-0.18998370785266158
112,45,2.0,a,1,6.189351827006027,-0.18998370785266158
113,34,2.0,a,1,6.748964684714547,-0.18998370785266158
114,108,2.0,a,1,6.996488422880066,-0.18998370785266158
115,108,2.0,a,1,,-0.18998370785266158
116,38,2.0,a,1,7.991171692956301,-0.18998370785266158
117,128,2.0,a,1,6.8695361440818585,-0.18998370785266158
118,128,2.0,a,1,3.045141293811534,-0.18998370785266158
119,116,2.0,a,1,6.5109232979613685,-0.18998370785266158
120,116,2.0,a,1,,-0.18998370785266158
121,112,2.0,a,1,5.173417189015593,-0.18998370785266158
122,38,2.0,a,1,5.8545703637782704,-0.18998370785266158
123,120,2.0,a,1,,-0.18998370785266158
124,120,2.0,a,1,6.829414206040007,-0.18998370785266158
125,112,2.0,a,1,6.1270787691366095,-0.18998370785266158
126,42,2.0,b,1,6.247982911395397,-0.14610760379582644
127,50,2.0,b,1,5.019304276319983,-0.14610760379582644
128,31,2.0,b,1,6.391602155926009,-0.14610760379582644
129,46,2.0,b,1,5.878388229953457,-0.14610760379582644
130,42,2.0,b,1,7.088260186667869,-0.14610760379582644
131,35,2.0,b,1,6.4596853380415356,-0.14610760379582644
132,35,2.0,b,1,6.223322021674044,-0.14610760379582644
133,31,2.0,b,1,7.914296868391583,-0.14610760379582644
134,50,2.0,b,1,5.562971315378777,-0.14610760379582644
135,46,2.0,b,1,5.979121180226734,-0.14610760379582644
136,126,2.0,b,1,7.60540132445623,-0.14610760379582644
137,39,2.0,b,1,,-0.14610760379582644
138,39,2.0,b,1,,-0.14610760379582644
139,109,2.0,b,1,,-0.14610760379582644
140,109,2.0,b,1,,-0.14610760379582644
141,104,2.0,b,1,6.682840159367059,-0.14610760379582644
142,104,2.0,b,1,6.49835744784626,-0.14610760379582644
143,100,2.0,b,1,6.272086127846304,-0.14610760379582644
144,113,2.0,b,1,5.779625607214698,-0.14610760379582644
145,121,2.0,b,1,7.0041285298897265,-0.14610760379582644
146,117,2.0,b,1,7.524843431469826,-0.14610760379582644
147,117,2.0,b,1,6.949209073874497,-0.14610760379582644
148,126,2.0,b,1,6.433034943546166,-0.14610760379582644
149,100,2.0,b,1,,-0.14610760379582644
150,113,2.0,b,1,6.370263930653326,-0.14610760379582644
151,121,2.0,b,1,6.787660072317373,-0.14610760379582644
152,110,2.0,c,-1,7.2647308777196855,-0.18998370785266158
153,110,2.0,c,-1,7.197840212250228,-0.18998370785266158
154,43,2.0,c,-1,5.406085980408583,-0.18998370785266158
155,43,2.0,c,-1,4.326447854907783,-0.18998370785266158
156,32,2.0,c,-1,7.615814717076484,-0.18998370785266158
157,118,2.0,c,-1,5.9789920883625065,-0.18998370785266158
158,40,2.0,c,-1,,-0.18998370785266158
159,47,2.0,c,-1,,-0.18998370785266158
160,47,2.0,c,-1,,-0.18998370785266158
161,118,2.0,c,-1,5.924464331819454,-0.18998370785266158
162,114,2.0,c,-1,6.842922314500378,-0.18998370785266158
163,114,2.0,c,-1,6.529573570816074,-0.18998370785266158
164,36,2.0,c,-1,4.7315737357899295,-0.18998370785266158
165,32,2.0,c,-1,7.052621563314905,-0.18998370785266158
166,105,2.0,c,-1,4.9911058294877515,-0.18998370785266158
167,105,2.0,c,-1,,-0.18998370785266158
168,101,2.0,c,-1,6.206503343445664,-0.18998370785266158
169,101,2.0,c,-1,6.333663213531211,-0.18998370785266158
170,122,2.0,c,-1,6.806484168076802,-0.18998370785266158
171,40,2.0,c,-1,,-0.18998370785266158
172,122,2.0,c,-1,7.734729870848751,-0.18998370785266158
173,36,2.0,c,-1,5.968364790249089,-0.18998370785266158
174,124,2.0,c,-1,6.426213338709849,-0.18998370785266158
175,127,2.0,c,-1,5.220058483579425,-0.18998370785266158
176,127,2.0,c,-1,,-0.18998370785266158
177,124,2.0,c,-1,5.753223220802071,-0.18998370785266158
178,33,2.0,d,-1,5.594584977561393,-0.14610760379582644
179,33,2.0,d,-1,6.504704254627573,-0.14610760379582644
180,29,2.0,d,-1,6.29560542722303,-0.14610760379582644
181,29,2.0,d,-1,6.523381673096257,-0.14610760379582644
182,37,2.0,d,-1,5.386982791512458,-0.14610760379582644
183,37,2.0,d,-1,6.040947328505572,-0.14610760379582644
184,111,2.0,d,-1,6.391588751279959,-0.14610760379582644
185,111,2.0,d,-1,,-0.14610760379582644
186,106,2.0,d,-1,5.196937805254774,-0.14610760379582644
187,106,2.0,d,-1,6.117920971060541,-0.14610760379582644
188,119,2.0,d,-1,,-0.14610760379582644
189,119,2.0,d,-1,6.571592794382813,-0.14610760379582644
190,115,2.0,d,-1,5.046594283350512,-0.14610760379582644
191,115,2.0,d,-1,,-0.14610760379582644
192,48,2.0,d,-1,5.901775041677113,-0.14610760379582644
193,41,2.0,d,-1,,-0.14610760379582644
194,125,2.0,d,-1,6.189417461838456,-0.14610760379582644
195,125,2.0,d,-1,5.59468535695842,-0.14610760379582644
196,44,2.0,d,-1,,-0.14610760379582644
197,102,2.0,d,-1,5.753280324864724,-0.14610760379582644
198,41,2.0,d,-1,,-0.14610760379582644
199,48,2.0,d,-1,5.443183650880805,-0.14610760379582644
200,123,2.0,d,-1,6.656191676802851,-0.14610760379582644
201,123,2.0,d,-1,,-0.14610760379582644
202,102,2.0,d,-1,4.143880479994209,-0.14610760379582644
203,44,2.0,d,-1,6.976973458418679,-0.14610760379582644
204,29,3.0,a,1,5.306900426478511,0.023852135054767132
205,48,3.0,a,1,5.866604025026327,0.023852135054767132
206,41,3.0,a,1,5.4431101114495775,0.023852135054767132
207,41,3.0,a,1,,0.023852135054767132
208,48,3.0,a,1,4.654702931518583,0.023852135054767132
209,29,3.0,a,1,5.739899015874797,0.023852135054767132
210,37,3.0,a,1,6.384568570830384,0.023852135054767132
211,37,3.0,a,1,6.2800025031868545,0.023852135054767132
212,106,3.0,a,1,5.640455663545875,0.023852135054767132
213,106,3.0,a,1,4.932421468553341,0.023852135054767132
214,44,3.0,a,1,6.9533164259584685,0.023852135054767132
215,44,3.0,a,1,6.541771427006061,0.023852135054767132
216,119,3.0,a,1,5.40613087116693,0.023852135054767132
217,33,3.0,a,1,5.242392309457924,0.023852135054767132
218,33,3.0,a,1,5.792519583935134,0.023852135054767132
219,115,3.0,a,1,5.387078877825495,0.023852135054767132
220,111,3.0,a,1,6.050926139927133,0.023852135054767132
221,102,3.0,a,1,6.303307383426599,0.023852135054767132
222,125,3.0,a,1,5.30697973962669,0.023852135054767132
223,102,3.0,a,1,6.180784474744528,0.023852135054767132
224,125,3.0,a,1,6.303331176282337,0.023852135054767132
225,123,3.0,a,1,5.73981863532106,0.023852135054767132
226,119,3.0,a,1,5.387133780145131,0.023852135054767132
227,111,3.0,a,1,5.946626687283922,0.023852135054767132
228,115,3.0,a,1,5.854590430945948,0.023852135054767132
229,123,3.0,a,1,5.124737489690837,0.023852135054767132
230,30,3.0,b,1,,-0.07905130553990602
231,30,3.0,b,1,6.287852983938059,-0.07905130553990602
232,34,3.0,b,1,6.11799366845327,-0.07905130553990602
233,103,3.0,b,1,6.708867659561307,-0.07905130553990602
234,107,3.0,b,1,5.726267774875272,-0.07905130553990602
235,107,3.0,b,1,5.3477596989619025,-0.07905130553990602
236,34,3.0,b,1,6.882577973947359,-0.07905130553990602
237,38,3.0,b,1,7.194692824342395,-0.07905130553990602
238,38,3.0,b,1,6.239749390828524,-0.07905130553990602
239,112,3.0,b,1,5.1968714012528014,-0.07905130553990602
240,108,3.0,b,1,6.256164543167839,-0.07905130553990602
241,108,3.0,b,1,,-0.07905130553990602
242,120,3.0,b,1,6.287871571229557,-0.07905130553990602
243,128,3.0,b,1,5.5466958224101415,-0.07905130553990602
244,128,3.0,b,1,6.310952288907713,-0.07905130553990602
245,116,3.0,b,1,6.197960289449301,-0.07905130553990602
246,103,3.0,b,1,5.8546792949911834,-0.07905130553990602
247,120,3.0,b,1,6.980926741318831,-0.07905130553990602
248,49,3.0,b,1,4.8369562826836425,-0.07905130553990602
249,45,3.0,b,1,6.180709995016427,-0.07905130553990602
250,49,3.0,b,1,5.805213279103178,-0.07905130553990602
251,112,3.0,b,1,5.655337750815388,-0.07905130553990602
252,116,3.0,b,1,5.285996778854206,-0.07905130553990602
253,45,3.0,b,1,6.583320698185308,-0.07905130553990602
254,35,3.0,c,-1,6.446444953237863,0.023852135054767132
255,39,3.0,c,-1,4.869747384724776,0.023852135054767132
256,109,3.0,c,-1,6.426276460877971,0.023852135054767132
257,39,3.0,c,-1,5.367694164325857,0.023852135054767132
258,31,3.0,c,-1,6.583245999986746,0.023852135054767132
259,126,3.0,c,-1,,0.023852135054767132
260,35,3.0,c,-1,6.136235661735791,0.023852135054767132
261,104,3.0,c,-1,5.7666383309069165,0.023852135054767132
262,109,3.0,c,-1,2.5344108446910893,0.023852135054767132
263,31,3.0,c,-1,5.817840060917015,0.023852135054767132
264,42,3.0,c,-1,6.928895246933652,0.023852135054767132
265,42,3.0,c,-1,6.060748043026229,0.023852135054767132
266,113,3.0,c,-1,,0.023852135054767132
267,100,3.0,c,-1,5.578903069222675,0.023852135054767132
268,126,3.0,c,-1,6.089715852105711,0.023852135054767132
269,50,3.0,c,-1,5.610185825918617,0.023852135054767132
270,46,3.0,c,-1,,0.023852135054767132
271,121,3.0,c,-1,6.459639943654309,0.023852135054767132
272,121,3.0,c,-1,4.837003868496735,0.023852135054767132
273,117,3.0,c,-1,5.197009737947937,0.023852135054767132
274,117,3.0,c,-1,5.443066850434234,0.023852135054767132
275,50,3.0,c,-1,3.2272407411998283,0.023852135054767132
276,113,3.0,c,-1,5.5946556159652925,0.023852135054767132
277,104,3.0,c,-1,5.367600862466284,0.023852135054767132
278,100,3.0,c,-1,4.731485605992306,0.023852135054767132
279,46,3.0,c,-1,5.461124754437689,0.023852135054767132
280,40,3.0,d,-1,5.913027216793031,-0.07905130553990602
281,32,3.0,d,-1,6.932991158610391,-0.07905130553990602
282,43,3.0,d,-1,5.242286552023077,-0.07905130553990602
283,32,3.0,d,-1,7.409612405738326,-0.07905130553990602
284,40,3.0,d,-1,,-0.07905130553990602
285,36,3.0,d,-1,5.7665162432071,-0.07905130553990602
286,43,3.0,d,-1,4.269445669754303,-0.07905130553990602
287,127,3.0,d,-1,,-0.07905130553990602
288,118,3.0,d,-1,6.089699989610881,-0.07905130553990602
289,114,3.0,d,-1,6.5295312407039585,-0.07905130553990602
290,114,3.0,d,-1,,-0.07905130553990602
291,36,3.0,d,-1,4.693949998373682,-0.07905130553990602
292,101,3.0,d,-1,6.589108029140062,-0.07905130553990602
293,47,3.0,d,-1,,-0.07905130553990602
294,47,3.0,d,-1,,-0.07905130553990602
295,124,3.0,d,-1,5.669915405144624,-0.07905130553990602
296,124,3.0,d,-1,,-0.07905130553990602
297,122,3.0,d,-1,,-0.07905130553990602
298,122,3.0,d,-1,6.1363200171576775,-0.07905130553990602
299,118,3.0,d,-1,5.805213279103178,-0.07905130553990602
300,105,3.0,d,-1,,-0.07905130553990602
301,101,3.0,d,-1,6.511042259368941,-0.07905130553990602
302,110,3.0,d,-1,5.513348097751696,-0.07905130553990602
303,110,3.0,d,-1,5.36776413500817,-0.07905130553990602
304,127,3.0,d,-1,6.571567601870027,-0.07905130553990602
305,105,3.0,d,-1,5.5947968778055,-0.07905130553990602
306,122,4.0,a,1,7.454415504877333,0.23561581503599882
307,122,4.0,a,1,6.773353793651003,0.23561581503599882
308,43,4.0,a,1,6.523372860893118,0.23561581503599882
309,101,4.0,a,1,6.248017729124588,0.23561581503599882
310,110,4.0,a,1,4.990990254382501,0.23561581503599882
311,40,4.0,a,1,6.180738960014298,0.23561581503599882
312,40,4.0,a,1,5.197048468793464,0.23561581503599882
313,43,4.0,a,1,,0.23561581503599882
314,127,4.0,a,1,6.154297427318074,0.23561581503599882
315,127,4.0,a,1,,0.23561581503599882
316,124,4.0,a,1,5.7125439803247735,0.23561581503599882
317,124,4.0,a,1,,0.23561581503599882
318,118,4.0,a,1,7.357358477282692,0.23561581503599882
319,118,4.0,a,1,4.325879474050881,0.23561581503599882
320,114,4.0,a,1,5.9684210739393695,0.23561581503599882
321,114,4.0,a,1,5.805204243625374,0.23561581503599882
322,110,4.0,a,1,7.115986593523545,0.23561581503599882
323,101,4.0,a,1,7.175570812095407,0.23561581503599882
324,47,4.0,a,1,,0.23561581503599882
325,47,4.0,a,1,,0.23561581503599882
326,36,4.0,a,1,6.117960624839001,0.23561581503599882
327,36,4.0,a,1,5.913094814231384,0.23561581503599882
328,32,4.0,a,1,7.362721409651139,0.23561581503599882
329,32,4.0,a,1,6.763667794925691,0.23561581503599882
330,105,4.0,a,1,6.136259455011163,0.23561581503599882
331,105,4.0,a,1,,0.23561581503599882
332,106,4.0,b,1,5.219966560135368,-0.17144855577498674
333,106,4.0,b,1,4.326368565342247,-0.17144855577498674
334,44,4.0,b,1,6.860748573504383,-0.17144855577498674
335,44,4.0,b,1,,-0.17144855577498674
336,37,4.0,b,1,5.461124754437689,-0.17144855577498674
337,37,4.0,b,1,5.546738725046515,-0.17144855577498674
338,102,4.0,b,1,5.4248839360029155,-0.17144855577498674
339,48,4.0,b,1,6.189423614883136,-0.17144855577498674
340,48,4.0,b,1,4.869931575055304,-0.17144855577498674
341,125,4.0,b,1,7.175609063808515,-0.17144855577498674
342,115,4.0,b,1,6.214878061978752,-0.17144855577498674
343,115,4.0,b,1,5.264445124787643,-0.17144855577498674
344,41,4.0,b,1,6.145305178875308,-0.17144855577498674
345,41,4.0,b,1,5.766494328452365,-0.17144855577498674
346,125,4.0,b,1,5.7124481523128505,-0.17144855577498674
347,33,4.0,b,1,6.17204709269808,-0.17144855577498674
348,33,4.0,b,1,4.837099033330229,-0.17144855577498674
349,111,4.0,b,1,,-0.17144855577498674
350,29,4.0,b,1,5.92441888571919,-0.17144855577498674
351,29,4.0,b,1,6.1893456735196155,-0.17144855577498674
352,102,4.0,b,1,5.367577535641133,-0.17144855577498674
353,119,4.0,b,1,5.47883312720646,-0.17144855577498674
354,119,4.0,b,1,6.426252183592527,-0.17144855577498674
355,111,4.0,b,1,5.387042274604407,-0.17144855577498674
356,123,4.0,b,1,6.459660293117201,-0.17144855577498674
357,123,4.0,b,1,6.0897928949302305,-0.17144855577498674
358,38,4.0,c,-1,5.7124481523128505,0.23561581503599882
359,34,4.0,c,-1,6.753878894865704,0.23561581503599882
360,34,4.0,c,-1,5.946726038884088,0.23561581503599882
361,107,4.0,c,-1,,0.23561581503599882
362,107,4.0,c,-1,6.23985275373089,0.23561581503599882
363,49,4.0,c,-1,5.878511391280957,0.23561581503599882
364,49,4.0,c,-1,,0.23561581503599882
365,45,4.0,c,-1,5.866621019738139,0.23561581503599882
366,38,4.0,c,-1,,0.23561581503599882
367,116,4.0,c,-1,,0.23561581503599882
368,30,4.0,c,-1,5.669942990019838,0.23561581503599882
369,45,4.0,c,-1,,0.23561581503599882
370,128,4.0,c,-1,5.242429321917908,0.23561581503599882
371,112,4.0,c,-1,5.7398154199645175,0.23561581503599882
372,116,4.0,c,-1,,0.23561581503599882
373,103,4.0,c,-1,6.899623303917585,0.23561581503599882
374,103,4.0,c,-1,5.327618854133607,0.23561581503599882
375,120,4.0,c,-1,6.040975879744341,0.23561581503599882
376,30,4.0,c,-1,4.803160018418761,0.23561581503599882
377,128,4.0,c,-1,6.645314611596017,0.23561581503599882
378,108,4.0,c,-1,,0.23561581503599882
379,112,4.0,c,-1,6.753882393899679,0.23561581503599882
380,108,4.0,c,-1,5.901766837883952,0.23561581503599882
381,120,4.0,c,-1,6.341062759948101,0.23561581503599882
382,39,4.0,d,-1,,-0.17144855577498674
383,42,4.0,d,-1,6.280026857037059,-0.17144855577498674
384,42,4.0,d,-1,6.43972889370058,-0.17144855577498674
385,35,4.0,d,-1,4.731644234036315,-0.17144855577498674
386,39,4.0,d,-1,5.901643772909593,-0.17144855577498674
387,35,4.0,d,-1,5.387129205066954,-0.17144855577498674
388,31,4.0,d,-1,5.578959718208579,-0.17144855577498674
389,31,4.0,d,-1,6.583280583179732,-0.17144855577498674
390,126,4.0,d,-1,5.913135370501186,-0.17144855577498674
391,126,4.0,d,-1,6.231530110138074,-0.17144855577498674
392,121,4.0,d,-1,5.8900849858147195,-0.17144855577498674
393,117,4.0,d,-1,5.30698965332792,-0.17144855577498674
394,113,4.0,d,-1,5.890151385407493,-0.17144855577498674
395,113,4.0,d,-1,5.173434184401347,-0.17144855577498674
396,46,4.0,d,-1,6.677514098987982,-0.17144855577498674
397,46,4.0,d,-1,4.074821895733237,-0.17144855577498674
398,121,4.0,d,-1,7.626078369959389,-0.17144855577498674
399,109,4.0,d,-1,,-0.17144855577498674
400,117,4.0,d,-1,5.698495188226142,-0.17144855577498674
401,104,4.0,d,-1,6.287830678732209,-0.17144855577498674
402,109,4.0,d,-1,5.979070557952417,-0.17144855577498674
403,50,4.0,d,-1,4.9910242484471405,-0.17144855577498674
404,100,4.0,d,-1,4.962173076146583,-0.17144855577498674
405,50,4.0,d,-1,6.127150803844272,-0.17144855577498674
406,104,4.0,d,-1,5.09945170769335,-0.17144855577498674
407,100,4.0,d,-1,5.306945040898395,-0.17144855577498674
408,113,5.0,a,1,6.645317211791292,0.06680520903319115
409,113,5.0,a,1,5.3275994314722155,0.06680520903319115
410,42,5.0,a,1,7.731085628115158,0.06680520903319115
411,109,5.0,a,1,,0.06680520903319115
412,109,5.0,a,1,,0.06680520903319115
413,104,5.0,a,1,5.285996778854206,0.06680520903319115
414,50,5.0,a,1,5.47883312720646,0.06680520903319115
415,42,5.0,a,1,5.424778196553632,0.06680520903319115
416,39,5.0,a,1,,0.06680520903319115
417,104,5.0,a,1,5.347831078417498,0.06680520903319115
418,35,5.0,a,1,5.924336008101312,0.06680520903319115
419,35,5.0,a,1,5.124707750356103,0.06680520903319115
420,31,5.0,a,1,7.370678904042954,0.06680520903319115
421,31,5.0,a,1,5.726264515651262,0.06680520903319115
422,39,5.0,a,1,,0.06680520903319115
423,46,5.0,a,1,5.924400172018755,0.06680520903319115
424,46,5.0,a,1,5.6553167578480315,0.06680520903319115
425,50,5.0,a,1,5.406081491221911,0.06680520903319115
426,117,5.0,a,1,2.535441323162048,0.06680520903319115
427,100,5.0,a,1,4.526765303013813,0.06680520903319115
428,117,5.0,a,1,6.398681453254918,0.06680520903319115
429,100,5.0,a,1,6.000129398621156,0.06680520903319115
430,126,5.0,a,1,5.669932645780803,0.06680520903319115
431,121,5.0,a,1,7.261776905986694,0.06680520903319115
432,121,5.0,a,1,6.806436584150642,0.06680520903319115
433,126,5.0,a,1,5.640484073141218,0.06680520903319115
434,32,5.0,b,1,3.632864503917242,-0.08117786515504122
435,43,5.0,b,1,6.878239955795365,-0.08117786515504122
436,40,5.0,b,1,,-0.08117786515504122
437,36,5.0,b,1,5.307029307150058,-0.08117786515504122
438,36,5.0,b,1,5.513344065160292,-0.08117786515504122
439,32,5.0,b,1,7.409604535438445,-0.08117786515504122
440,118,5.0,b,1,6.108616272418806,-0.08117786515504122
441,40,5.0,b,1,,-0.08117786515504122
442,43,5.0,b,1,2.12835074638271,-0.08117786515504122
443,118,5.0,b,1,7.588537831617747,-0.08117786515504122
444,110,5.0,b,1,6.523424264316744,-0.08117786515504122
445,110,5.0,b,1,4.901527023629707,-0.08117786515504122
446,105,5.0,b,1,5.513340032552627,-0.08117786515504122
447,105,5.0,b,1,5.578929505815453,-0.08117786515504122
448,47,5.0,b,1,,-0.08117786515504122
449,124,5.0,b,1,6.070446692584198,-0.08117786515504122
450,122,5.0,b,1,5.878433017645807,-0.08117786515504122
451,122,5.0,b,1,5.327706251441825,-0.08117786515504122
452,124,5.0,b,1,6.020768462499701,-0.08117786515504122
453,114,5.0,b,1,6.886843136401451,-0.08117786515504122
454,47,5.0,b,1,,-0.08117786515504122
455,127,5.0,b,1,5.4962333622153485,-0.08117786515504122
456,101,5.0,b,1,6.9926560134654645,-0.08117786515504122
457,101,5.0,b,1,6.571596993073241,-0.08117786515504122
458,127,5.0,b,1,5.830159586334263,-0.08117786515504122
459,114,5.0,b,1,5.478874868311437,-0.08117786515504122
460,106,5.0,c,-1,6.485642361901082,0.06680520903319115
461,29,5.0,c,-1,5.387101754158328,0.06680520903319115
462,48,5.0,c,-1,,0.06680520903319115
463,48,5.0,c,-1,5.6843107925916065,0.06680520903319115
464,37,5.0,c,-1,,0.06680520903319115
465,33,5.0,c,-1,,0.06680520903319115
466,33,5.0,c,-1,7.319137512987612,0.06680520903319115
467,115,5.0,c,-1,,0.06680520903319115
468,29,5.0,c,-1,6.459658727788603,0.06680520903319115
469,106,5.0,c,-1,7.18199110448069,0.06680520903319115
470,102,5.0,c,-1,6.3410521853229715,0.06680520903319115
471,125,5.0,c,-1,6.82943583563535,0.06680520903319115
472,44,5.0,c,-1,,0.06680520903319115
473,44,5.0,c,-1,6.189349775848097,0.06680520903319115
474,41,5.0,c,-1,5.2425139166826,0.06680520903319115
475,41,5.0,c,-1,5.530262073815315,0.06680520903319115
476,119,5.0,c,-1,5.578891739040391,0.06680520903319115
477,119,5.0,c,-1,7.365373145366264,0.06680520903319115
478,37,5.0,c,-1,6.559735626846719,0.06680520903319115
479,115,5.0,c,-1,6.4056151601114575,0.06680520903319115
480,102,5.0,c,-1,6.51098724147696,0.06680520903319115
481,111,5.0,c,-1,4.074889874387965,0.06680520903319115
482,111,5.0,c,-1,6.311001327880084,0.06680520903319115
483,123,5.0,c,-1,7.152837214454964,0.06680520903319115
484,123,5.0,c,-1,7.351979455240385,0.06680520903319115
485,125,5.0,c,-1,5.684293798072338,0.06680520903319115
486,49,5.0,d,-1,,-0.08117786515504122
487,49,5.0,d,-1,6.4597229042519855,-0.08117786515504122
488,30,5.0,d,-1,5.4431576964049535,-0.08117786515504122
489,30,5.0,d,-1,6.256080121628017,-0.08117786515504122
490,38,5.0,d,-1,6.498393589049947,-0.08117786515504122
491,34,5.0,d,-1,6.419361176880626,-0.08117786515504122
492,45,5.0,d,-1,8.205462658863317,-0.08117786515504122
493,34,5.0,d,-1,6.459727599929067,-0.08117786515504122
494,107,5.0,d,-1,6.485656088433478,-0.08117786515504122
495,107,5.0,d,-1,6.7971432203012725,-0.08117786515504122
496,103,5.0,d,-1,5.978964242834307,-0.08117786515504122
497,103,5.0,d,-1,5.779591618044881,-0.08117786515504122
498,128,5.0,d,-1,5.957496613918752,-0.08117786515504122
499,45,5.0,d,-1,6.589146535849861,-0.08117786515504122
500,38,5.0,d,-1,5.1493822287717155,-0.08117786515504122
501,116,5.0,d,-1,5.805300617846549,-0.08117786515504122
502,116,5.0,d,-1,5.766603897423794,-0.08117786515504122
503,112,5.0,d,-1,7.045259892898682,-0.08117786515504122
504,112,5.0,d,-1,5.712415106041458,-0.08117786515504122
505,120,5.0,d,-1,6.172090917885675,-0.08117786515504122
506,120,5.0,d,-1,7.389028912483382,-0.08117786515504122
507,128,5.0,d,-1,6.060799360126264,-0.08117786515504122
508,108,5.0,d,-1,6.949241692727046,-0.08117786515504122
509,108,5.0,d,-1,6.811079166716676,-0.08117786515504122
510,107,6.0,a,1,4.208357537159066,0.3318315101787448
511,107,6.0,a,1,,0.3318315101787448
512,49,6.0,a,1,7.529364566519197,0.3318315101787448
513,49,6.0,a,1,6.080191742904923,0.3318315101787448
514,108,6.0,a,1,6.419408436976573,0.3318315101787448
515,108,6.0,a,1,7.178841397261498,0.3318315101787448
516,103,6.0,a,1,7.590694030384412,0.3318315101787448
517,103,6.0,a,1,5.578819978237999,0.3318315101787448
518,34,6.0,a,1,5.578880408729733,0.3318315101787448
519,34,6.0,a,1,7.540580635627736,0.3318315101787448
520,128,6.0,a,1,6.15430592461381,0.3318315101787448
521,30,6.0,a,1,6.744046229808095,0.3318315101787448
522,30,6.0,a,1,,0.3318315101787448
523,116,6.0,a,1,5.4962333622153485,0.3318315101787448
524,116,6.0,a,1,4.143848757125189,0.3318315101787448
525,45,6.0,a,1,,0.3318315101787448
526,45,6.0,a,1,,0.3318315101787448
527,112,6.0,a,1,5.306964868890563,0.3318315101787448
528,128,6.0,a,1,,0.3318315101787448
529,38,6.0,a,1,5.9465743930030746,0.3318315101787448
530,120,6.0,a,1,7.175539444598787,0.3318315101787448
531,38,6.0,a,1,7.826031238986273,0.3318315101787448
532,112,6.0,a,1,5.562825485163266,0.3318315101787448
533,120,6.0,a,1,6.127161717741265,0.3318315101787448
534,31,6.0,b,1,,-0.06810848880559206
535,42,6.0,b,1,5.578940835569843,-0.06810848880559206
536,39,6.0,b,1,5.124666113801582,-0.06810848880559206
537,39,6.0,b,1,6.223292281513822,-0.06810848880559206
538,42,6.0,b,1,7.276447129805351,-0.06810848880559206
539,50,6.0,b,1,5.610163863342845,-0.06810848880559206
540,35,6.0,b,1,5.989647897999759,-0.06810848880559206
541,109,6.0,b,1,5.478787209978517,-0.06810848880559206
542,100,6.0,b,1,5.913027216793031,-0.06810848880559206
543,50,6.0,b,1,6.117890128145707,-0.06810848880559206
544,46,6.0,b,1,6.589103903333209,-0.06810848880559206
545,46,6.0,b,1,6.239704531904954,-0.06810848880559206
546,117,6.0,b,1,7.194725097841539,-0.06810848880559206
547,117,6.0,b,1,5.0466457316192885,-0.06810848880559206
548,35,6.0,b,1,6.426279697804833,-0.06810848880559206
549,113,6.0,b,1,6.310965002946282,-0.06810848880559206
550,31,6.0,b,1,7.207239679152996,-0.06810848880559206
551,109,6.0,b,1,5.640484073141218,-0.06810848880559206
552,121,6.0,b,1,7.437230512633962,-0.06810848880559206
553,126,6.0,b,1,6.020722333174917,-0.06810848880559206
554,104,6.0,b,1,5.9791363664093335,-0.06810848880559206
555,113,6.0,b,1,5.461252209541801,-0.06810848880559206
556,121,6.0,b,1,6.432997968877828,-0.06810848880559206
557,126,6.0,b,1,7.354668745403792,-0.06810848880559206
558,104,6.0,b,1,5.9356214443376345,-0.06810848880559206
559,100,6.0,b,1,,-0.06810848880559206
560,40,6.0,c,-1,4.526916710017757,0.3318315101787448
561,118,6.0,c,-1,6.172015787816707,0.3318315101787448
562,40,6.0,c,-1,,0.3318315101787448
563,118,6.0,c,-1,6.171957349415983,0.3318315101787448
564,114,6.0,c,-1,5.779631786939639,0.3318315101787448
565,110,6.0,c,-1,4.654950336150117,0.3318315101787448
566,36,6.0,c,-1,6.198035528868285,0.3318315101787448
567,43,6.0,c,-1,,0.3318315101787448
568,110,6.0,c,-1,6.256114658573918,0.3318315101787448
569,32,6.0,c,-1,6.92061819581893,0.3318315101787448
570,43,6.0,c,-1,5.386978215743444,0.3318315101787448
571,101,6.0,c,-1,6.020707765577623,0.3318315101787448
572,32,6.0,c,-1,7.368035539116939,0.3318315101787448
573,124,6.0,c,-1,5.9356346621473115,0.3318315101787448
574,124,6.0,c,-1,5.386937032880084,0.3318315101787448
575,122,6.0,c,-1,6.453089422426351,0.3318315101787448
576,101,6.0,c,-1,5.196738580018918,0.3318315101787448
577,127,6.0,c,-1,5.546672420196291,0.3318315101787448
578,105,6.0,c,-1,5.562871539107794,0.3318315101787448
579,114,6.0,c,-1,2.1290646921531597,0.3318315101787448
580,122,6.0,c,-1,4.380312666669545,0.3318315101787448
581,36,6.0,c,-1,4.99113302168903,0.3318315101787448
582,47,6.0,c,-1,,0.3318315101787448
583,127,6.0,c,-1,5.173473839178195,0.3318315101787448
584,105,6.0,c,-1,5.0466585932729116,0.3318315101787448
585,47,6.0,c,-1,,0.3318315101787448
586,41,6.0,d,-1,6.089654666810558,-0.06810848880559206
587,33,6.0,d,-1,5.957553512628718,-0.06810848880559206
588,33,6.0,d,-1,5.946610999286809,-0.06810848880559206
589,119,6.0,d,-1,5.979113587048952,-0.06810848880559206
590,41,6.0,d,-1,,-0.06810848880559206
591,119,6.0,d,-1,4.901266757040891,-0.06810848880559206
592,111,6.0,d,-1,,-0.06810848880559206
593,48,6.0,d,-1,5.6101968070256225,-0.06810848880559206
594,48,6.0,d,-1,6.154384521176631,-0.06810848880559206
595,111,6.0,d,-1,5.640501828728458,-0.06810848880559206
596,44,6.0,d,-1,6.287886440814008,-0.06810848880559206
597,44,6.0,d,-1,6.37024510169473,-0.06810848880559206
598,102,6.0,d,-1,5.946597925767875,-0.06810848880559206
599,125,6.0,d,-1,6.180757579927054,-0.06810848880559206
600,125,6.0,d,-1,6.6984825810412145,-0.06810848880559206
601,37,6.0,d,-1,,-0.06810848880559206
602,37,6.0,d,-1,5.878491798448014,-0.06810848880559206
603,102,6.0,d,-1,6.311019489852184,-0.06810848880559206
604,123,6.0,d,-1,6.763663174974432,-0.06810848880559206
605,106,6.0,d,-1,6.535596795615715,-0.06810848880559206
606,123,6.0,d,-1,6.355812478244949,-0.06810848880559206
607,29,6.0,d,-1,6.903851669804135,-0.06810848880559206
608,115,6.0,d,-1,,-0.06810848880559206
609,115,6.0,d,-1,5.406162293498784,-0.06810848880559206
610,29,6.0,d,-1,5.562967478013973,-0.06810848880559206
611,106,6.0,d,-1,7.373356105099019,-0.06810848880559206
612,29,7.0,a,1,5.924493737019097,0.05951962899416685
613,41,7.0,a,1,7.037953372332143,0.05951962899416685
614,41,7.0,a,1,5.578880408729733,0.05951962899416685
615,33,7.0,a,1,5.4431663479717525,0.05951962899416685
616,37,7.0,a,1,6.239807899443933,0.05951962899416685
617,48,7.0,a,1,5.264439952512075,0.05951962899416685
618,106,7.0,a,1,6.937046084150625,0.05951962899416685
619,106,7.0,a,1,5.989602815160033,0.05951962899416685
620,44,7.0,a,1,5.019343930273156,0.05951962899416685
621,37,7.0,a,1,6.39160048035508,0.05951962899416685
622,33,7.0,a,1,6.744007359291083,0.05951962899416685
623,115,7.0,a,1,6.248008057654747,0.05951962899416685
624,115,7.0,a,1,,0.05951962899416685
625,29,7.0,a,1,5.019224963696015,0.05951962899416685
626,48,7.0,a,1,5.406135360131931,0.05951962899416685
627,44,7.0,a,1,7.030540007514326,0.05951962899416685
628,119,7.0,a,1,6.729138052676305,0.05951962899416685
629,119,7.0,a,1,5.149376425766339,0.05951962899416685
630,123,7.0,a,1,7.139594513021476,0.05951962899416685
631,111,7.0,a,1,,0.05951962899416685
632,125,7.0,a,1,6.577466286644849,0.05951962899416685
633,125,7.0,a,1,6.391620587020943,0.05951962899416685
634,102,7.0,a,1,6.419380733053288,0.05951962899416685
635,123,7.0,a,1,7.185198361422704,0.05951962899416685
636,102,7.0,a,1,6.797058327623438,0.05951962899416685
637,111,7.0,a,1,6.010482552943744,0.05951962899416685
638,108,7.0,b,1,6.749013911386975,-0.16272658575326204
639,107,7.0,b,1,6.5172339542595745,-0.16272658575326204
640,107,7.0,b,1,6.577501070294032,-0.16272658575326204
641,108,7.0,b,1,6.878199786735115,-0.16272658575326204
642,116,7.0,b,1,6.606235235253114,-0.16272658575326204
643,116,7.0,b,1,6.510960474921473,-0.16272658575326204
644,112,7.0,b,1,5.578906845921576,-0.16272658575326204
645,30,7.0,b,1,4.991234985858909,-0.16272658575326204
646,103,7.0,b,1,6.559755454291302,-0.16272658575326204
647,103,7.0,b,1,5.7263818410239855,-0.16272658575326204
648,112,7.0,b,1,5.073416021218747,-0.16272658575326204
649,49,7.0,b,1,7.216566304653229,-0.16272658575326204
650,49,7.0,b,1,5.9790427146091885,-0.16272658575326204
651,30,7.0,b,1,5.866623852162029,-0.16272658575326204
652,45,7.0,b,1,7.4760583656865,-0.16272658575326204
653,45,7.0,b,1,6.127168266022286,-0.16272658575326204
654,34,7.0,b,1,7.165931555287526,-0.16272658575326204
655,120,7.0,b,1,7.985481633789339,-0.16272658575326204
656,34,7.0,b,1,6.355840263837426,-0.16272658575326204
657,128,7.0,b,1,6.9848894532780035,-0.16272658575326204
658,38,7.0,b,1,7.592774013049258,-0.16272658575326204
659,128,7.0,b,1,7.102231830280961,-0.16272658575326204
660,38,7.0,b,1,7.041632111935279,-0.16272658575326204
661,120,7.0,b,1,6.14534376152041,-0.16272658575326204
662,39,7.0,c,-1,,0.05951962899416685
663,35,7.0,c,-1,6.498395094905088,0.05951962899416685
664,39,7.0,c,-1,,0.05951962899416685
665,42,7.0,c,-1,6.466164941762638,0.05951962899416685
666,42,7.0,c,-1,6.223236764181495,0.05951962899416685
667,117,7.0,c,-1,6.030988099016363,0.05951962899416685
668,117,7.0,c,-1,,0.05951962899416685
669,31,7.0,c,-1,6.341143828359311,0.05951962899416685
670,31,7.0,c,-1,7.841041564750908,0.05951962899416685
671,109,7.0,c,-1,6.13626810697094,0.05951962899416685
672,35,7.0,c,-1,6.214932045945527,0.05951962899416685
673,50,7.0,c,-1,6.606260921255258,0.05951962899416685
674,50,7.0,c,-1,6.91642260892369,0.05951962899416685
675,113,7.0,c,-1,5.34790245277843,0.05951962899416685
676,113,7.0,c,-1,2.128588784946081,0.05951962899416685
677,46,7.0,c,-1,5.901682061413474,0.05951962899416685
678,100,7.0,c,-1,5.54666851977407,0.05951962899416685
679,100,7.0,c,-1,4.962173076146583,0.05951962899416685
680,46,7.0,c,-1,6.666899538881856,0.05951962899416685
681,126,7.0,c,-1,,0.05951962899416685
682,126,7.0,c,-1,7.228794755087915,0.05951962899416685
683,121,7.0,c,-1,7.088306102285824,0.05951962899416685
684,121,7.0,c,-1,6.287784207955348,0.05951962899416685
685,104,7.0,c,-1,6.341027510762794,0.05951962899416685
686,109,7.0,c,-1,6.287834396301068,0.05951962899416685
687,104,7.0,c,-1,7.194684568163677,0.05951962899416685
688,105,7.0,d,-1,5.890096052719693,-0.16272658575326204
689,32,7.0,d,-1,7.204103937847602,-0.16272658575326204
690,32,7.0,d,-1,6.180765855332549,-0.16272658575326204
691,124,7.0,d,-1,6.72410163535434,-0.16272658575326204
692,105,7.0,d,-1,5.739837927243212,-0.16272658575326204
693,43,7.0,d,-1,6.127109329949355,-0.16272658575326204
694,43,7.0,d,-1,6.724057175181935,-0.16272658575326204
695,118,7.0,d,-1,6.248000320411527,-0.16272658575326204
696,110,7.0,d,-1,6.459696294998695,-0.16272658575326204
697,110,7.0,d,-1,6.4330140449885675,-0.16272658575326204
698,124,7.0,d,-1,6.748995158654643,-0.16272658575326204
699,47,7.0,d,-1,5.779671954220922,-0.16272658575326204
700,47,7.0,d,-1,5.640622558361693,-0.16272658575326204
701,114,7.0,d,-1,7.129549119846859,-0.16272658575326204
702,118,7.0,d,-1,5.367633519107364,-0.16272658575326204
703,114,7.0,d,-1,7.357409506477782,-0.16272658575326204
704,101,7.0,d,-1,6.535683843600972,-0.16272658575326204
705,127,7.0,d,-1,6.523390485221741,-0.16272658575326204
706,40,7.0,d,-1,,-0.16272658575326204
707,101,7.0,d,-1,5.197020804056872,-0.16272658575326204
708,40,7.0,d,-1,6.589057142999167,-0.16272658575326204
709,36,7.0,d,-1,6.000112049450508,-0.16272658575326204
710,36,7.0,d,-1,5.830288832739777,-0.16272658575326204
711,122,7.0,d,-1,7.981177956576587,-0.16272658575326204
712,127,7.0,d,-1,6.698496141541695,-0.16272658575326204
713,122,7.0,d,-1,6.55981918270067,-0.16272658575326204
714,43,8.0,a,1,3.381980582735023,0.21198287140578032
715,40,8.0,a,1,,0.21198287140578032
716,40,8.0,a,1,6.000099657001475,0.21198287140578032
717,43,8.0,a,1,6.030976083352743,0.21198287140578032
718,118,8.0,a,1,5.406090469575101,0.21198287140578032
719,36,8.0,a,1,6.459649335765562,0.21198287140578032
720,32,8.0,a,1,6.773334347978493,0.21198287140578032
721,32,8.0,a,1,6.510979806394524,0.21198287140578032
722,122,8.0,a,1,,0.21198287140578032
723,118,8.0,a,1,6.758822462398538,0.21198287140578032
724,110,8.0,a,1,6.1543186704220325,0.21198287140578032
725,105,8.0,a,1,6.773358369048405,0.21198287140578032
726,47,8.0,a,1,,0.21198287140578032
727,127,8.0,a,1,5.913159703473582,0.21198287140578032
728,124,8.0,a,1,6.49202011391386,0.21198287140578032
729,124,8.0,a,1,4.9014898468354575,0.21198287140578032
730,122,8.0,a,1,5.046710038233246,0.21198287140578032
731,110,8.0,a,1,6.932943378554655,0.21198287140578032
732,36,8.0,a,1,6.18939490035071,0.21198287140578032
733,47,8.0,a,1,,0.21198287140578032
734,127,8.0,a,1,5.347821561451125,0.21198287140578032
735,105,8.0,a,1,,0.21198287140578032
736,101,8.0,a,1,6.559735626846719,0.21198287140578032
737,101,8.0,a,1,5.285920846211486,0.21198287140578032
738,114,8.0,a,1,6.829427183853354,0.21198287140578032
739,114,8.0,a,1,7.51574100675069,0.21198287140578032
740,33,8.0,b,1,6.529537079446643,-0.010562394745647907
741,29,8.0,b,1,5.946624072634829,-0.010562394745647907
742,29,8.0,b,1,5.406072512788109,-0.010562394745647907
743,48,8.0,b,1,6.303367779570415,-0.010562394745647907
744,48,8.0,b,1,,-0.010562394745647907
745,33,8.0,b,1,4.380250057494777,-0.010562394745647907
746,41,8.0,b,1,6.5774384588543455,-0.010562394745647907
747,41,8.0,b,1,5.979070557952417,-0.010562394745647907
748,115,8.0,b,1,5.563005850999396,-0.010562394745647907
749,111,8.0,b,1,7.210354534948085,-0.010562394745647907
750,106,8.0,b,1,7.088291910410839,-0.010562394745647907
751,106,8.0,b,1,5.957550926393953,-0.010562394745647907
752,44,8.0,b,1,5.792510433032168,-0.010562394745647907
753,44,8.0,b,1,,-0.010562394745647907
754,37,8.0,b,1,5.49621695330531,-0.010562394745647907
755,37,8.0,b,1,,-0.010562394745647907
756,115,8.0,b,1,6.847426550884838,-0.010562394745647907
757,111,8.0,b,1,,-0.010562394745647907
758,102,8.0,b,1,6.405630030282473,-0.010562394745647907
759,102,8.0,b,1,6.492067092828671,-0.010562394745647907
760,119,8.0,b,1,5.989617842999105,-0.010562394745647907
761,125,8.0,b,1,5.424778196553632,-0.010562394745647907
762,123,8.0,b,1,5.739821850667265,-0.010562394745647907
763,119,8.0,b,1,,-0.010562394745647907
764,123,8.0,b,1,6.089761172133093,-0.010562394745647907
765,125,8.0,b,1,5.124749385177095,-0.010562394745647907
766,107,8.0,c,-1,,0.21198287140578032
767,107,8.0,c,-1,6.030877549464817,0.21198287140578032
768,49,8.0,c,-1,7.004159405662872,0.21198287140578032
769,49,8.0,c,-1,,0.21198287140578032
770,103,8.0,c,-1,4.269011900079196,0.21198287140578032
771,103,8.0,c,-1,6.050890804113221,0.21198287140578032
772,128,8.0,c,-1,6.020739328436881,0.21198287140578032
773,128,8.0,c,-1,4.6938859430298425,0.21198287140578032
774,45,8.0,c,-1,5.89012095280809,0.21198287140578032
775,45,8.0,c,-1,6.485633210774807,0.21198287140578032
776,34,8.0,c,-1,6.547733311432434,0.21198287140578032
777,38,8.0,c,-1,6.050916717165509,0.21198287140578032
778,30,8.0,c,-1,,0.21198287140578032
779,30,8.0,c,-1,5.946726038884088,0.21198287140578032
780,38,8.0,c,-1,5.669980917980853,0.21198287140578032
781,116,8.0,c,-1,6.693280296821366,0.21198287140578032
782,108,8.0,c,-1,6.198027395149956,0.21198287140578032
783,108,8.0,c,-1,5.367642849380368,0.21198287140578032
784,116,8.0,c,-1,,0.21198287140578032
785,34,8.0,c,-1,5.753343769998979,0.21198287140578032
786,120,8.0,c,-1,5.94661884331613,0.21198287140578032
787,120,8.0,c,-1,5.91306777580437,0.21198287140578032
788,112,8.0,c,-1,,0.21198287140578032
789,112,8.0,c,-1,5.0994273070345315,0.21198287140578032
790,117,8.0,d,-1,,-0.010562394745647907
791,113,8.0,d,-1,,-0.010562394745647907
792,39,8.0,d,-1,,-0.010562394745647907
793,42,8.0,d,-1,5.805222314499343,-0.010562394745647907
794,113,8.0,d,-1,4.526949151393491,-0.010562394745647907
795,42,8.0,d,-1,4.837043521611294,-0.010562394745647907
796,46,8.0,d,-1,,-0.010562394745647907
797,35,8.0,d,-1,6.0208364386789315,-0.010562394745647907
798,39,8.0,d,-1,,-0.010562394745647907
799,46,8.0,d,-1,6.4329513466951465,-0.010562394745647907
800,50,8.0,d,-1,4.837059382416864,-0.010562394745647907
801,50,8.0,d,-1,5.610193146670019,-0.010562394745647907
802,117,8.0,d,-1,6.82489961866438,-0.010562394745647907
803,121,8.0,d,-1,5.817843034934511,-0.010562394745647907
804,100,8.0,d,-1,,-0.010562394745647907
805,35,8.0,d,-1,6.189409257719989,-0.010562394745647907
806,126,8.0,d,-1,7.456812088018601,-0.010562394745647907
807,104,8.0,d,-1,5.779628697081942,-0.010562394745647907
808,31,8.0,d,-1,,-0.010562394745647907
809,100,8.0,d,-1,5.327613998503625,-0.010562394745647907
810,121,8.0,d,-1,5.684327786822066,-0.010562394745647907
811,104,8.0,d,-1,6.214988026240477,-0.010562394745647907
812,109,8.0,d,-1,,-0.010562394745647907
813,31,8.0,d,-1,6.782906086740448,-0.010562394745647907
814,126,8.0,d,-1,5.546664619336636,-0.010562394745647907
815,109,8.0,d,-1,,-0.010562394745647907
816,31,9.0,a,1,6.070520614365746,0.15000962745398283
817,39,9.0,a,1,,0.15000962745398283
818,42,9.0,a,1,6.547746211597341,0.15000962745398283
819,35,9.0,a,1,6.656119656266678,0.15000962745398283
820,35,9.0,a,1,5.327628565322839,0.15000962745398283
821,42,9.0,a,1,5.968438981721964,0.15000962745398283
822,117,9.0,a,1,7.979728545366262,0.15000962745398283
823,117,9.0,a,1,6.384585444651325,0.15000962745398283
824,31,9.0,a,1,6.523402234601594,0.15000962745398283
825,50,9.0,a,1,5.7664661516334315,0.15000962745398283
826,46,9.0,a,1,5.957581960769699,0.15000962745398283
827,46,9.0,a,1,5.968413399077229,0.15000962745398283
828,39,9.0,a,1,4.991051442866847,0.15000962745398283
829,109,9.0,a,1,6.231565505444659,0.15000962745398283
830,109,9.0,a,1,,0.15000962745398283
831,100,9.0,a,1,5.496249770856139,0.15000962745398283
832,50,9.0,a,1,5.766563201778692,0.15000962745398283
833,126,9.0,a,1,5.753324736881353,0.15000962745398283
834,126,9.0,a,1,7.767291092071852,0.15000962745398283
835,121,9.0,a,1,6.070552953426946,0.15000962745398283
836,104,9.0,a,1,6.206487213112572,0.15000962745398283
837,104,9.0,a,1,5.792473828582894,0.15000962745398283
838,113,9.0,a,1,5.842448164191817,0.15000962745398283
839,113,9.0,a,1,5.443071176619988,0.15000962745398283
840,121,9.0,a,1,7.149531361532349,0.15000962745398283
841,100,9.0,a,1,,0.15000962745398283
842,43,9.0,b,1,6.231598933195005,0.04588540922850365
843,101,9.0,b,1,7.335750011701354,0.04588540922850365
844,101,9.0,b,1,6.171921867292186,0.04588540922850365
845,43,9.0,b,1,3.6325471695234643,0.04588540922850365
846,36,9.0,b,1,6.2956386257335275,0.04588540922850365
847,36,9.0,b,1,5.424615159660665,0.04588540922850365
848,40,9.0,b,1,4.654740997753836,0.04588540922850365
849,105,9.0,b,1,5.924464331819454,0.04588540922850365
850,47,9.0,b,1,,0.04588540922850365
851,40,9.0,b,1,6.080191742904923,0.04588540922850365
852,32,9.0,b,1,7.611674729738264,0.04588540922850365
853,105,9.0,b,1,5.3674935545648195,0.04588540922850365
854,127,9.0,b,1,6.419387251692522,0.04588540922850365
855,124,9.0,b,1,5.424778196553632,0.04588540922850365
856,47,9.0,b,1,,0.04588540922850365
857,114,9.0,b,1,,0.04588540922850365
858,114,9.0,b,1,,0.04588540922850365
859,118,9.0,b,1,4.83703559111417,0.04588540922850365
860,127,9.0,b,1,5.842465574420326,0.04588540922850365
861,124,9.0,b,1,5.924488390683476,0.04588540922850365
862,110,9.0,b,1,5.957638854623885,0.04588540922850365
863,110,9.0,b,1,5.90174222610065,0.04588540922850365
864,122,9.0,b,1,7.459230594425101,0.04588540922850365
865,122,9.0,b,1,6.698487512153575,0.04588540922850365
866,118,9.0,b,1,6.801779018236652,0.04588540922850365
867,32,9.0,b,1,6.895379007914082,0.04588540922850365
868,125,9.0,c,-1,6.37027762421872,0.15000962745398283
869,123,9.0,c,-1,6.264148457315658,0.15000962745398283
870,123,9.0,c,-1,6.145339474633355,0.15000962745398283
871,125,9.0,c,-1,6.3630729301219455,0.15000962745398283
872,48,9.0,c,-1,,0.15000962745398283
873,41,9.0,c,-1,5.443053871764677,0.15000962745398283
874,41,9.0,c,-1,6.5538194374179035,0.15000962745398283
875,48,9.0,c,-1,,0.15000962745398283
876,44,9.0,c,-1,5.546719224076341,0.15000962745398283
877,115,9.0,c,-1,,0.15000962745398283
878,115,9.0,c,-1,5.197087198138971,0.15000962745398283
879,119,9.0,c,-1,5.5301470836587425,0.15000962745398283
880,119,9.0,c,-1,5.94672865326659,0.15000962745398283
881,106,9.0,c,-1,6.010470288347341,0.15000962745398283
882,106,9.0,c,-1,5.805258455267639,0.15000962745398283
883,102,9.0,c,-1,6.405681248067943,0.15000962745398283
884,37,9.0,c,-1,,0.15000962745398283
885,102,9.0,c,-1,5.424773790500596,0.15000962745398283
886,33,9.0,c,-1,5.913186739415164,0.15000962745398283
887,111,9.0,c,-1,5.739863649227149,0.15000962745398283
888,29,9.0,c,-1,5.957581960769699,0.15000962745398283
889,29,9.0,c,-1,6.295583294270384,0.15000962745398283
890,44,9.0,c,-1,5.669815403592792,0.15000962745398283
891,33,9.0,c,-1,5.124642320706337,0.15000962745398283
892,37,9.0,c,-1,5.219961152610797,0.15000962745398283
893,111,9.0,c,-1,,0.15000962745398283
894,34,9.0,d,-1,6.089806490106662,0.04588540922850365
895,30,9.0,d,-1,5.7924982316979525,0.04588540922850365
896,30,9.0,d,-1,5.913119148190642,0.04588540922850365
897,107,9.0,d,-1,6.247959698902433,0.04588540922850365
898,107,9.0,d,-1,5.968380140660608,0.04588540922850365
899,34,9.0,d,-1,6.628725004886033,0.04588540922850365
900,38,9.0,d,-1,6.920621157472915,0.04588540922850365
901,38,9.0,d,-1,7.6857659898929915,0.04588540922850365
902,49,9.0,d,-1,,0.04588540922850365
903,49,9.0,d,-1,,0.04588540922850365
904,45,9.0,d,-1,6.333624151377994,0.04588540922850365
905,45,9.0,d,-1,7.508820613057529,0.04588540922850365
906,116,9.0,d,-1,6.688067001328578,0.04588540922850365
907,116,9.0,d,-1,6.708807875576686,0.04588540922850365
908,103,9.0,d,-1,5.387078877825495,0.04588540922850365
909,112,9.0,d,-1,6.280032477072109,0.04588540922850365
910,108,9.0,d,-1,5.443123089389243,0.04588540922850365
911,108,9.0,d,-1,,0.04588540922850365
912,103,9.0,d,-1,6.1720575274407645,0.04588540922850365
913,120,9.0,d,-1,6.88686866438395,0.04588540922850365
914,112,9.0,d,-1,6.472786692102057,0.04588540922850365
915,128,9.0,d,-1,7.000293438467576,0.04588540922850365
916,128,9.0,d,-1,6.498369495059288,0.04588540922850365
917,120,9.0,d,-1,5.4786744951156905,0.04588540922850365
918,49,10.0,a,1,5.53019863260547,0.1890681041404605
919,30,10.0,a,1,6.070541403882286,0.1890681041404605
920,30,10.0,a,1,7.015508629525775,0.1890681041404605
921,49,10.0,a,1,7.165919968334589,0.1890681041404605
922,107,10.0,a,1,6.45968690332848,0.1890681041404605
923,107,10.0,a,1,5.367647514484225,0.1890681041404605
924,34,10.0,a,1,6.5234404191327515,0.1890681041404605
925,103,10.0,a,1,,0.1890681041404605
926,108,10.0,a,1,6.391551887576795,0.1890681041404605
927,116,10.0,a,1,6.384575320392927,0.1890681041404605
928,45,10.0,a,1,7.389043744272356,0.1890681041404605
929,45,10.0,a,1,7.023035629978643,0.1890681041404605
930,103,10.0,a,1,7.237951433566135,0.1890681041404605
931,34,10.0,a,1,7.752961954365328,0.1890681041404605
932,116,10.0,a,1,4.654579206245634,0.1890681041404605
933,108,10.0,a,1,7.437234046111305,0.1890681041404605
934,128,10.0,a,1,7.08473090505131,0.1890681041404605
935,120,10.0,a,1,6.856290390925866,0.1890681041404605
936,38,10.0,a,1,8.069122624360173,0.1890681041404605
937,128,10.0,a,1,6.341008123181244,0.1890681041404605
938,120,10.0,a,1,8.18574340116952,0.1890681041404605
939,112,10.0,a,1,5.4788206045352075,0.1890681041404605
940,38,10.0,a,1,6.020790312489809,0.1890681041404605
941,112,10.0,a,1,5.219966560135368,0.1890681041404605
942,39,10.0,b,1,5.219982782533633,-0.13518370408564806
943,39,10.0,b,1,6.479219067925982,-0.13518370408564806
944,50,10.0,b,1,7.396810640928158,-0.13518370408564806
945,42,10.0,b,1,6.171984481955309,-0.13518370408564806
946,42,10.0,b,1,5.979111055976878,-0.13518370408564806
947,35,10.0,b,1,6.419432880977405,-0.13518370408564806
948,35,10.0,b,1,5.406085980408583,-0.13518370408564806
949,31,10.0,b,1,7.102220304497783,-0.13518370408564806
950,100,10.0,b,1,6.541777194717261,-0.13518370408564806
951,50,10.0,b,1,6.171961523700719,-0.13518370408564806
952,46,10.0,b,1,7.156145435745796,-0.13518370408564806
953,46,10.0,b,1,6.517210309964351,-0.13518370408564806
954,117,10.0,b,1,7.360047991778467,-0.13518370408564806
955,117,10.0,b,1,5.443023587547295,-0.13518370408564806
956,31,10.0,b,1,7.389064755596842,-0.13518370408564806
957,113,10.0,b,1,5.779600887933039,-0.13518370408564806
958,113,10.0,b,1,4.6545887241178185,-0.13518370408564806
959,109,10.0,b,1,5.901662917344785,-0.13518370408564806
960,109,10.0,b,1,6.020800023443279,-0.13518370408564806
961,100,10.0,b,1,5.124660165580844,-0.13518370408564806
962,121,10.0,b,1,5.367628853938217,-0.13518370408564806
963,126,10.0,b,1,7.288014025887041,-0.13518370408564806
964,104,10.0,b,1,6.326129794965063,-0.13518370408564806
965,104,10.0,b,1,6.206557781399011,-0.13518370408564806
966,121,10.0,b,1,6.6175299752575745,-0.13518370408564806
967,126,10.0,b,1,6.310965002946282,-0.13518370408564806
968,40,10.0,c,-1,,0.1890681041404605
969,40,10.0,c,-1,6.197948087928992,0.1890681041404605
970,43,10.0,c,-1,5.805171112841602,0.1890681041404605
971,32,10.0,c,-1,7.2499333491874705,0.1890681041404605
972,47,10.0,c,-1,2.820604777340277,0.1890681041404605
973,43,10.0,c,-1,,0.1890681041404605
974,36,10.0,c,-1,4.654683897857552,0.1890681041404605
975,118,10.0,c,-1,6.639776482486126,0.1890681041404605
976,47,10.0,c,-1,7.185197603703726,0.1890681041404605
977,32,10.0,c,-1,7.434749877494205,0.1890681041404605
978,118,10.0,c,-1,6.4396921657168065,0.1890681041404605
979,36,10.0,c,-1,6.3557864285508145,0.1890681041404605
980,105,10.0,c,-1,,0.1890681041404605
981,101,10.0,c,-1,5.496282587330012,0.1890681041404605
982,101,10.0,c,-1,6.264133230531744,0.1890681041404605
983,127,10.0,c,-1,6.688094406097011,0.1890681041404605
984,124,10.0,c,-1,5.7398797251311375,0.1890681041404605
985,122,10.0,c,-1,6.83394833843693,0.1890681041404605
986,114,10.0,c,-1,7.126174086251028,0.1890681041404605
987,127,10.0,c,-1,6.050949696442748,0.1890681041404605
988,105,10.0,c,-1,5.6553622420536485,0.1890681041404605
989,124,10.0,c,-1,5.726267774875272,0.1890681041404605
990,122,10.0,c,-1,5.367661509665218,0.1890681041404605
991,114,10.0,c,-1,5.946663291653443,0.1890681041404605
992,110,10.0,c,-1,6.391628964679069,0.1890681041404605
993,110,10.0,c,-1,7.023032956626219,0.1890681041404605
994,29,10.0,d,-1,6.214878061978752,-0.13518370408564806
995,29,10.0,d,-1,7.932600101620299,-0.13518370408564806
996,125,10.0,d,-1,6.2720936809588475,-0.13518370408564806
997,125,10.0,d,-1,6.363052241180184,-0.13518370408564806
998,115,10.0,d,-1,,-0.13518370408564806
999,115,10.0,d,-1,5.219999004668737,-0.13518370408564806
1000,106,10.0,d,-1,5.149271965910747,-0.13518370408564806
1001,106,10.0,d,-1,6.912241202166423,-0.13518370408564806
1002,48,10.0,d,-1,5.640484073141218,-0.13518370408564806
1003,48,10.0,d,-1,6.370299875862561,-0.13518370408564806
1004,33,10.0,d,-1,6.2065356033313055,-0.13518370408564806
1005,33,10.0,d,-1,7.000318963345673,-0.13518370408564806
1006,123,10.0,d,-1,7.20410691195576,-0.13518370408564806
1007,123,10.0,d,-1,8.467532248228778,-0.13518370408564806
1008,102,10.0,d,-1,5.80526749025563,-0.13518370408564806
1009,102,10.0,d,-1,7.063378588243921,-0.13518370408564806
1010,119,10.0,d,-1,6.247990648773316,-0.13518370408564806
1011,41,10.0,d,-1,6.272144662976368,-0.13518370408564806
1012,37,10.0,d,-1,5.073347147892419,-0.13518370408564806
1013,37,10.0,d,-1,5.406077002015087,-0.13518370408564806
1014,119,10.0,d,-1,,-0.13518370408564806
1015,41,10.0,d,-1,3.5155077278395663,-0.13518370408564806
1016,44,10.0,d,-1,6.326194194874209,-0.13518370408564806
1017,111,10.0,d,-1,6.189413359787635,-0.13518370408564806
1018,111,10.0,d,-1,6.0104874587401875,-0.13518370408564806
1019,44,10.0,d,-1,5.753239083368793,-0.13518370408564806
1020,115,11.0,a,1,7.483162860442318,-0.05884656775742775
1021,115,11.0,a,1,4.52686263871933,-0.05884656775742775
1022,111,11.0,a,1,6.491997381388541,-0.05884656775742775
1023,111,11.0,a,1,,-0.05884656775742775
1024,41,11.0,a,1,,-0.05884656775742775
1025,37,11.0,a,1,5.669932645780803,-0.05884656775742775
1026,33,11.0,a,1,6.051020362660321,-0.05884656775742775
1027,33,11.0,a,1,6.180716201872313,-0.05884656775742775
1028,29,11.0,a,1,6.163142157553148,-0.05884656775742775
1029,29,11.0,a,1,6.099309474058729,-0.05884656775742775
1030,102,11.0,a,1,7.074172699479216,-0.05884656775742775
1031,102,11.0,a,1,5.14928357310024,-0.05884656775742775
1032,48,11.0,a,1,5.610171184255031,-0.05884656775742775
1033,48,11.0,a,1,4.526819379575422,-0.05884656775742775
1034,44,11.0,a,1,7.197851435187518,-0.05884656775742775
1035,44,11.0,a,1,6.433047803979916,-0.05884656775742775
1036,41,11.0,a,1,7.511165918117183,-0.05884656775742775
1037,37,11.0,a,1,,-0.05884656775742775
1038,119,11.0,a,1,5.5629175909314545,-0.05884656775742775
1039,106,11.0,a,1,5.979078151456933,-0.05884656775742775
1040,106,11.0,a,1,5.594703944629962,-0.05884656775742775
1041,119,11.0,a,1,6.040975879744341,-0.05884656775742775
1042,125,11.0,a,1,7.023023154272852,-0.05884656775742775
1043,123,11.0,a,1,7.102226067405978,-0.05884656775742775
1044,125,11.0,a,1,6.318578848803477,-0.05884656775742775
1045,123,11.0,a,1,,-0.05884656775742775
1046,49,11.0,b,1,6.070559883089714,-0.05449009407311678
1047,34,11.0,b,1,6.594881202598216,-0.05449009407311678
1048,30,11.0,b,1,6.405587071407328,-0.05449009407311678
1049,103,11.0,b,1,6.589079148134616,-0.05449009407311678
1050,103,11.0,b,1,4.962068105066019,-0.05449009407311678
1051,49,11.0,b,1,5.8424771810709375,-0.05449009407311678
1052,128,11.0,b,1,6.645265206601162,-0.05449009407311678
1053,30,11.0,b,1,6.412548706949724,-0.05449009407311678
1054,120,11.0,b,1,8.610565312579393,-0.05449009407311678
1055,120,11.0,b,1,6.23985665400859,-0.05449009407311678
1056,128,11.0,b,1,6.523369923474815,-0.05449009407311678
1057,107,11.0,b,1,4.143864618685492,-0.05449009407311678
1058,108,11.0,b,1,7.536117508043044,-0.05449009407311678
1059,108,11.0,b,1,4.991112627607392,-0.05449009407311678
1060,107,11.0,b,1,6.264121810291653,-0.05449009407311678
1061,45,11.0,b,1,7.432251828349218,-0.05449009407311678
1062,45,11.0,b,1,6.656155667183134,-0.05449009407311678
1063,34,11.0,b,1,8.034294942750547,-0.05449009407311678
1064,38,11.0,b,1,7.255870896172762,-0.05449009407311678
1065,38,11.0,b,1,6.030913599574474,-0.05449009407311678
1066,112,11.0,b,1,5.546684121371674,-0.05449009407311678
1067,116,11.0,b,1,6.78768487930212,-0.05449009407311678
1068,112,11.0,b,1,5.406094958721468,-0.05449009407311678
1069,116,11.0,b,1,4.208357537159066,-0.05449009407311678
1070,126,11.0,c,-1,7.088312780745537,-0.05884656775742775
1071,46,11.0,c,-1,5.739860434015339,-0.05884656775742775
1072,126,11.0,c,-1,5.901709409447289,-0.05884656775742775
1073,42,11.0,c,-1,6.842963925885259,-0.05884656775742775
1074,46,11.0,c,-1,5.766600767048352,-0.05884656775742775
1075,39,11.0,c,-1,6.571575999444807,-0.05884656775742775
1076,39,11.0,c,-1,5.124678010136916,-0.05884656775742775
1077,42,11.0,c,-1,6.6561273730008015,-0.05884656775742775
1078,50,11.0,c,-1,5.149295180155008,-0.05884656775742775
1079,50,11.0,c,-1,6.639737262134419,-0.05884656775742775
1080,117,11.0,c,-1,5.726251478648989,-0.05884656775742775
1081,117,11.0,c,-1,7.081246294391275,-0.05884656775742775
1082,35,11.0,c,-1,6.426190678498105,-0.05884656775742775
1083,104,11.0,c,-1,6.206577942851927,-0.05884656775742775
1084,35,11.0,c,-1,6.535630164905671,-0.05884656775742775
1085,100,11.0,c,-1,5.124773175725111,-0.05884656775742775
1086,100,11.0,c,-1,6.565735281956581,-0.05884656775742775
1087,109,11.0,c,-1,5.546664619336636,-0.05884656775742775
1088,109,11.0,c,-1,,-0.05884656775742775
1089,113,11.0,c,-1,5.219971967630697,-0.05884656775742775
1090,31,11.0,c,-1,5.578910622606213,-0.05884656775742775
1091,31,11.0,c,-1,6.928846291639617,-0.05884656775742775
1092,104,11.0,c,-1,6.231600899498463,-0.05884656775742775
1093,113,11.0,c,-1,2.8214979269426554,-0.05884656775742775
1094,121,11.0,c,-1,5.753289841891478,-0.05884656775742775
1095,121,11.0,c,-1,6.223286333375639,-0.05884656775742775
1096,40,11.0,d,-1,5.89013201931503,-0.05449009407311678
1097,40,11.0,d,-1,6.801754558436888,-0.05449009407311678
1098,43,11.0,d,-1,,-0.05449009407311678
1099,32,11.0,d,-1,5.546676320603298,-0.05449009407311678
1100,43,11.0,d,-1,5.957625924486709,-0.05449009407311678
1101,32,11.0,d,-1,6.117909955843018,-0.05449009407311678
1102,124,11.0,d,-1,5.610065025782295,-0.05449009407311678
1103,36,11.0,d,-1,6.583338680251656,-0.05449009407311678
1104,118,11.0,d,-1,5.72628732999627,-0.05449009407311678
1105,110,11.0,d,-1,7.037948982714992,-0.05449009407311678
1106,124,11.0,d,-1,6.127091866742149,-0.05449009407311678
1107,114,11.0,d,-1,5.546699722725872,-0.05449009407311678
1108,36,11.0,d,-1,5.046864357236652,-0.05449009407311678
1109,114,11.0,d,-1,6.099242139281413,-0.05449009407311678
1110,110,11.0,d,-1,6.529538539126988,-0.05449009407311678
1111,47,11.0,d,-1,4.527024843844287,-0.05449009407311678
1112,47,11.0,d,-1,6.74898929835367,-0.05449009407311678
1113,118,11.0,d,-1,5.792571437470261,-0.05449009407311678
1114,122,11.0,d,-1,,-0.05449009407311678
1115,105,11.0,d,-1,,-0.05449009407311678
1116,122,11.0,d,-1,,-0.05449009407311678
1117,127,11.0,d,-1,5.578921952574547,-0.05449009407311678
1118,127,11.0,d,-1,6.758792286472889,-0.05449009407311678
1119,105,11.0,d,-1,6.272112563490618,-0.05449009407311678
1120,101,11.0,d,-1,6.154327167537262,-0.05449009407311678
1121,101,11.0,d,-1,6.5832985659674375,-0.05449009407311678
1122,40,12.0,a,1,5.6842598081673374,-0.0122876511886717
1123,36,12.0,a,1,6.9652314201192,-0.0122876511886717
1124,32,12.0,a,1,6.154274059382492,-0.0122876511886717
1125,40,12.0,a,1,6.311024938379493,-0.0122876511886717
1126,105,12.0,a,1,6.510972371256806,-0.0122876511886717
1127,36,12.0,a,1,6.86516609890889,-0.0122876511886717
1128,32,12.0,a,1,5.099360202152626,-0.0122876511886717
1129,124,12.0,a,1,6.1631505800243005,-0.0122876511886717
1130,118,12.0,a,1,6.763680499681601,-0.0122876511886717
1131,114,12.0,a,1,7.834382009904178,-0.0122876511886717
1132,114,12.0,a,1,7.181955376661295,-0.0122876511886717
1133,101,12.0,a,1,7.216567038972483,-0.0122876511886717
1134,43,12.0,a,1,,-0.0122876511886717
1135,101,12.0,a,1,6.719014362113999,-0.0122876511886717
1136,124,12.0,a,1,6.824859421611905,-0.0122876511886717
1137,43,12.0,a,1,6.466219371529202,-0.0122876511886717
1138,122,12.0,a,1,7.386440489013402,-0.0122876511886717
1139,110,12.0,a,1,7.204097246071907,-0.0122876511886717
1140,110,12.0,a,1,6.295636781400747,-0.0122876511886717
1141,122,12.0,a,1,6.453116208063264,-0.0122876511886717
1142,127,12.0,a,1,6.8339580277804295,-0.0122876511886717
1143,105,12.0,a,1,5.496274383312504,-0.0122876511886717
1144,118,12.0,a,1,6.535730266094999,-0.0122876511886717
1145,127,12.0,a,1,6.163180058114713,-0.0122876511886717
1146,47,12.0,a,1,6.656156953263309,-0.0122876511886717
1147,47,12.0,a,1,5.386923304882061,-0.0122876511886717
1148,44,12.0,b,1,7.3838453482163136,-0.07273069489747286
1149,37,12.0,b,1,5.640519584000443,-0.07273069489747286
1150,44,12.0,b,1,5.753280324864724,-0.07273069489747286
1151,41,12.0,b,1,,-0.07273069489747286
1152,106,12.0,b,1,5.625500161023879,-0.07273069489747286
1153,33,12.0,b,1,6.1807513733279915,-0.07273069489747286
1154,48,12.0,b,1,6.20645696803672,-0.07273069489747286
1155,48,12.0,b,1,6.318593268726042,-0.07273069489747286
1156,41,12.0,b,1,,-0.07273069489747286
1157,119,12.0,b,1,7.307943153622599,-0.07273069489747286
1158,37,12.0,b,1,5.443019261155658,-0.07273069489747286
1159,33,12.0,b,1,,-0.07273069489747286
1160,29,12.0,b,1,6.223272454248953,-0.07273069489747286
1161,29,12.0,b,1,5.513348097751696,-0.07273069489747286
1162,106,12.0,b,1,5.968351998059488,-0.07273069489747286
1163,125,12.0,b,1,7.243956764667909,-0.07273069489747286
1164,125,12.0,b,1,6.264131327167453,-0.07273069489747286
1165,123,12.0,b,1,6.341096245523311,-0.07273069489747286
1166,123,12.0,b,1,6.49840262414678,-0.07273069489747286
1167,119,12.0,b,1,6.010504628838217,-0.07273069489747286
1168,115,12.0,b,1,5.406099447847682,-0.07273069489747286
1169,115,12.0,b,1,5.386987367260536,-0.07273069489747286
1170,111,12.0,b,1,5.124683958251512,-0.07273069489747286
1171,102,12.0,b,1,6.824865940162614,-0.07273069489747286
1172,102,12.0,b,1,5.424901558157489,-0.07273069489747286
1173,111,12.0,b,1,6.43299636125254,-0.07273069489747286
1174,49,12.0,c,-1,6.650749830378414,-0.0122876511886717
1175,116,12.0,c,-1,6.433007614575285,-0.0122876511886717
1176,108,12.0,c,-1,5.6405266860209675,-0.0122876511886717
1177,116,12.0,c,-1,6.010509534526363,-0.0122876511886717
1178,49,12.0,c,-1,6.0105316098252075,-0.0122876511886717
1179,45,12.0,c,-1,,-0.0122876511886717
1180,45,12.0,c,-1,,-0.0122876511886717
1181,107,12.0,c,-1,5.878477803332309,-0.0122876511886717
1182,38,12.0,c,-1,7.200997117253096,-0.0122876511886717
1183,107,12.0,c,-1,5.842514901755079,-0.0122876511886717
1184,128,12.0,c,-1,6.163146368797592,-0.0122876511886717
1185,128,12.0,c,-1,5.019244792441748,-0.0122876511886717
1186,38,12.0,c,-1,7.023034738861963,-0.0122876511886717
1187,120,12.0,c,-1,6.541777194717261,-0.0122876511886717
1188,120,12.0,c,-1,6.656165955778226,-0.0122876511886717
1189,112,12.0,c,-1,6.801791247912182,-0.0122876511886717
1190,108,12.0,c,-1,7.290895702078584,-0.0122876511886717
1191,30,12.0,c,-1,4.83698007587324,-0.0122876511886717
1192,30,12.0,c,-1,6.348442944999906,-0.0122876511886717
1193,103,12.0,c,-1,,-0.0122876511886717
1194,112,12.0,c,-1,,-0.0122876511886717
1195,103,12.0,c,-1,,-0.0122876511886717
1196,34,12.0,c,-1,6.941131059130856,-0.0122876511886717
1197,34,12.0,c,-1,6.547789210945191,-0.0122876511886717
1198,31,12.0,d,-1,,-0.07273069489747286
1199,42,12.0,d,-1,7.222700316373194,-0.07273069489747286
1200,50,12.0,d,-1,7.037912987127521,-0.07273069489747286
1201,50,12.0,d,-1,6.310972268038603,-0.07273069489747286
1202,104,12.0,d,-1,3.6331024386449378,-0.07273069489747286
1203,126,12.0,d,-1,7.056208042184548,-0.07273069489747286
1204,31,12.0,d,-1,7.142923839199071,-0.07273069489747286
1205,46,12.0,d,-1,5.562971315378777,-0.07273069489747286
1206,117,12.0,d,-1,5.264553736395228,-0.07273069489747286
1207,117,12.0,d,-1,7.389067845460267,-0.07273069489747286
1208,126,12.0,d,-1,5.739976175128319,-0.07273069489747286
1209,113,12.0,d,-1,5.2860271502969525,-0.07273069489747286
1210,109,12.0,d,-1,,-0.07273069489747286
1211,109,12.0,d,-1,7.346604226998592,-0.07273069489747286
1212,104,12.0,d,-1,6.693328624887156,-0.07273069489747286
1213,39,12.0,d,-1,6.09921071483364,-0.07273069489747286
1214,39,12.0,d,-1,5.9684492145966095,-0.07273069489747286
1215,42,12.0,d,-1,7.246997247780008,-0.07273069489747286
1216,100,12.0,d,-1,,-0.07273069489747286
1217,100,12.0,d,-1,6.11794740708756,-0.07273069489747286
1218,35,12.0,d,-1,6.206479147848455,-0.07273069489747286
1219,35,12.0,d,-1,6.7733789580776556,-0.07273069489747286
1220,46,12.0,d,-1,5.625388407228189,-0.07273069489747286
1221,113,12.0,d,-1,5.3870651517745936,-0.07273069489747286
1222,121,12.0,d,-1,7.396777527289506,-0.07273069489747286
1223,121,12.0,d,-1,7.045268608163992,-0.07273069489747286
