0,1,16,d,-1,5.236441962829949,-0.11800735731958412
1,1,16,d,-1,5.730099782973574,-0.11800735731958412
2,1,13,a,1,7.572502985020384,-0.039501111110439524
3,1,13,a,1,5.780743515792329,-0.039501111110439524
4,1,7,c,-1,7.329093736246592,-0.017159967770567164
5,1,7,c,-1,6.403574197934815,-0.017159967770567164
6,1,5,a,1,7.142036574706803,0.1115649611747358
7,1,5,a,1,5.7430031878094825,0.1115649611747358
8,1,10,b,1,8.467162257810672,-0.3105253755056765
9,1,10,b,1,7.846198815497425,-0.3105253755056765
10,1,3,c,-1,7.914252278742441,0.05703535387874581
11,1,3,c,-1,7.138866999945524,0.05703535387874581
12,1,9,a,1,6.269096283706261,0.2566690714156721
13,1,9,a,1,,0.2566690714156721
14,1,11,c,-1,7.3752557780097545,-0.08934552324353714
15,1,11,c,-1,5.605802066295998,-0.08934552324353714
16,1,8,d,-1,,-0.10493575324653648
17,1,8,d,-1,6.556778356158042,-0.10493575324653648
18,1,2,b,1,7.395107546562485,-0.38217081417678855
19,1,2,b,1,,-0.38217081417678855
20,1,15,c,-1,5.147494476813453,0.20878489772439934
21,1,15,c,-1,6.131226489483141,0.20878489772439934
22,1,12,d,-1,,-0.2871846380585339
23,1,12,d,-1,5.768320995793772,-0.2871846380585339
24,1,1,a,1,7.473069088032197,0.0792321980989073
25,1,1,a,1,5.0238805208462765,0.0792321980989073
26,1,4,d,-1,,-0.21075361417024396
27,1,4,d,-1,7.0317412587631285,-0.21075361417024396
28,1,6,b,1,7.360103972989152,-0.003413009544601664
29,1,6,b,1,6.522092798170152,-0.003413009544601664
30,1,14,b,1,7.717796211013582,-0.2122081099951174
31,1,14,b,1,6.999422467507961,-0.2122081099951174
32,2,16,a,1,6.7661917146603505,0.23193129608989693
33,2,16,a,1,6.1224928095143865,0.23193129608989693
34,2,6,c,-1,6.551080335043404,0.39140784452320077
35,2,6,c,-1,4.997212273764115,0.39140784452320077
36,2,5,b,1,6.436150368369428,-0.04059784402488731
37,2,5,b,1,4.997212273764115,-0.04059784402488731
38,2,2,c,-1,,0.497972247103462
39,2,2,c,-1,6.1224928095143865,0.497972247103462
40,2,9,b,1,7.154615356913663,0.140635010699043
41,2,9,b,1,,0.140635010699043
42,2,13,b,1,7.412160334945205,-0.007859083911171183
43,2,13,b,1,6.104793232414985,-0.007859083911171183
44,2,15,d,-1,5.817111159963204,-0.36469443430542015
45,2,15,d,-1,5.147494476813453,-0.36469443430542015
46,2,8,a,1,6.504288173536645,0.0028219790256117094
47,2,8,a,1,,0.0028219790256117094
48,2,10,c,-1,6.738152494595957,-0.0587831987941172
49,2,10,c,-1,5.87493073085203,-0.0587831987941172
50,2,3,d,-1,6.679599185844383,-0.0867871894442942
51,2,3,d,-1,5.662960480135946,-0.0867871894442942
52,2,4,a,1,7.355001921105257,0.3116784066951368
53,2,4,a,1,6.369900982828227,0.3116784066951368
54,2,12,a,1,6.841615476477592,0.38843387077213265
55,2,12,a,1,5.7430031878094825,0.38843387077213265
56,2,1,b,1,6.950814768442584,-0.1747479225450661
57,2,1,b,1,5.676753802268282,-0.1747479225450661
58,2,7,d,-1,5.497168225293202,-0.07875486006378196
59,2,7,d,-1,4.6443908991413725,-0.07875486006378196
60,2,14,c,-1,5.049856007249537,0.14478000710369088
61,2,14,c,-1,5.170483995038151,0.14478000710369088
62,2,11,d,-1,6.39024066706535,-0.23551733707427047
63,2,11,d,-1,6.306275286948016,-0.23551733707427047
64,3,2,d,-1,,-0.38217081417678855
65,3,2,d,-1,6.498282149476434,-0.38217081417678855
66,3,11,a,1,5.768320995793772,-0.08934552324353714
67,3,11,a,1,6.0014148779611505,-0.08934552324353714
68,3,1,c,-1,,0.0792321980989073
69,3,1,c,-1,,0.0792321980989073
70,3,7,a,1,7.488852955733459,-0.017159967770567164
71,3,7,a,1,4.912654885736052,-0.017159967770567164
72,3,9,c,-1,,0.2566690714156721
73,3,9,c,-1,,0.2566690714156721
74,3,3,a,1,5.393627546352362,0.05703535387874581
75,3,3,a,1,6.473890696352274,0.05703535387874581
76,3,5,c,-1,6.2766434893416445,0.1115649611747358
77,3,5,c,-1,5.87493073085203,0.1115649611747358
78,3,6,d,-1,6.628041376179533,-0.003413009544601664
79,3,6,d,-1,,-0.003413009544601664
80,3,12,b,1,7.215239978730097,-0.2871846380585339
81,3,12,b,1,,-0.2871846380585339
82,3,4,b,1,6.899723107284872,-0.21075361417024396
83,3,4,b,1,5.44673737166631,-0.21075361417024396
84,3,14,d,-1,6.104793232414985,-0.2122081099951174
85,3,14,d,-1,,-0.2122081099951174
86,3,8,b,1,5.5909869805108565,-0.10493575324653648
87,3,8,b,1,,-0.10493575324653648
88,3,13,c,-1,,-0.039501111110439524
89,3,13,c,-1,6.0014148779611505,-0.039501111110439524
90,3,10,d,-1,5.950642552587727,-0.3105253755056765
91,3,10,d,-1,,-0.3105253755056765
92,3,16,b,1,5.648974238161206,-0.11800735731958412
93,3,16,b,1,,-0.11800735731958412
94,3,15,a,1,6.584791392385716,0.20878489772439934
95,3,15,a,1,,0.20878489772439934
96,4,16,c,-1,4.997212273764115,0.23193129608989693
97,4,16,c,-1,5.929589143389895,0.23193129608989693
98,4,2,a,1,7.77485576666552,0.497972247103462
99,4,2,a,1,5.971261839790462,0.497972247103462
100,4,13,d,-1,,-0.007859083911171183
101,4,13,d,-1,6.6895992691789665,-0.007859083911171183
102,4,15,b,1,8.133880887949207,-0.36469443430542015
103,4,15,b,1,6.601230118728877,-0.36469443430542015
104,4,1,d,-1,5.0238805208462765,-0.1747479225450661
105,4,1,d,-1,8.068402958569699,-0.1747479225450661
106,4,6,a,1,8.145549631783584,0.39140784452320077
107,4,6,a,1,7.96693349840484,0.39140784452320077
108,4,4,c,-1,6.2766434893416445,0.3116784066951368
109,4,4,c,-1,6.999422467507961,0.3116784066951368
110,4,11,b,1,6.887552571664617,-0.23551733707427047
111,4,11,b,1,7.878534196140362,-0.23551733707427047
112,4,14,a,1,7.66105638236183,0.14478000710369088
113,4,14,a,1,8.01829613851552,0.14478000710369088
114,4,5,d,-1,,-0.04059784402488731
115,4,5,d,-1,6.927557906278317,-0.04059784402488731
116,4,3,b,1,7.687080155783135,-0.0867871894442942
117,4,3,b,1,7.92443418488756,-0.0867871894442942
118,4,8,c,-1,,0.0028219790256117094
119,4,8,c,-1,6.6895992691789665,0.0028219790256117094
120,4,7,b,1,8.09925056179696,-0.07875486006378196
121,4,7,b,1,5.170483995038151,-0.07875486006378196
122,4,9,d,-1,,0.140635010699043
123,4,9,d,-1,6.139884552226255,0.140635010699043
124,4,10,a,1,7.395107546562485,-0.0587831987941172
125,4,10,a,1,7.461640392208575,-0.0587831987941172
126,4,12,c,-1,,0.38843387077213265
127,4,12,c,-1,5.44673737166631,0.38843387077213265
128,5,2,b,1,7.761319180947987,-0.38217081417678855
129,5,2,b,1,5.147494476813453,-0.38217081417678855
130,5,4,d,-1,6.875232087276577,-0.21075361417024396
131,5,4,d,-1,7.255591274253665,-0.21075361417024396
132,5,9,a,1,7.86172707782398,0.2566690714156721
133,5,9,a,1,5.863631175598097,0.2566690714156721
134,5,12,d,-1,5.87493073085203,-0.2871846380585339
135,5,12,d,-1,7.477604243197589,-0.2871846380585339
136,5,11,c,-1,6.79794041297493,-0.08934552324353714
137,5,11,c,-1,5.62040086571715,-0.08934552324353714
138,5,7,c,-1,,-0.017159967770567164
139,5,7,c,-1,6.664409020350408,-0.017159967770567164
140,5,5,a,1,7.176254532017144,0.1115649611747358
141,5,5,a,1,6.6895992691789665,0.1115649611747358
142,5,16,d,-1,6.049733455231958,-0.11800735731958412
143,5,16,d,-1,4.382026634673881,-0.11800735731958412
144,5,14,b,1,7.645875825184813,-0.2122081099951174
145,5,14,b,1,7.524021415206125,-0.2122081099951174
146,5,6,b,1,7.409741954080923,-0.003413009544601664
147,5,6,b,1,6.999422467507961,-0.003413009544601664
148,5,15,c,-1,5.908082938168931,0.20878489772439934
149,5,15,c,-1,6.883462586413092,0.20878489772439934
150,5,1,a,1,7.716015266642587,0.0792321980989073
151,5,1,a,1,,0.0792321980989073
152,5,8,d,-1,,-0.10493575324653648
153,5,8,d,-1,6.573680166960646,-0.10493575324653648
154,5,10,b,1,7.549609165154532,-0.3105253755056765
155,5,10,b,1,7.843064016692054,-0.3105253755056765
156,5,13,a,1,8.15248607578024,-0.039501111110439524
157,5,13,a,1,6.612041034833092,-0.039501111110439524
158,5,3,c,-1,6.883462586413092,0.05703535387874581
159,5,3,c,-1,5.278114659230517,0.05703535387874581
160,6,4,a,1,7.421775793644647,0.3116784066951368
161,6,4,a,1,6.52795791762255,0.3116784066951368
162,6,9,b,1,6.504288173536645,0.140635010699043
163,6,9,b,1,6.049733455231958,0.140635010699043
164,6,10,c,-1,6.709304340258298,-0.0587831987941172
165,6,10,c,-1,5.971261839790462,-0.0587831987941172
166,6,5,b,1,6.854354502255021,-0.04059784402488731
167,6,5,b,1,6.4425401664681985,-0.04059784402488731
168,6,11,d,-1,6.429719478039138,-0.23551733707427047
169,6,11,d,-1,5.886104031450156,-0.23551733707427047
170,6,8,a,1,6.862757913051401,0.0028219790256117094
171,6,8,a,1,,0.0028219790256117094
172,6,2,c,-1,,0.497972247103462
173,6,2,c,-1,,0.497972247103462
174,6,6,c,-1,6.214608098422191,0.39140784452320077
175,6,6,c,-1,5.075173815233827,0.39140784452320077
176,6,12,a,1,7.238496840894365,0.38843387077213265
177,6,12,a,1,5.44673737166631,0.38843387077213265
178,6,14,c,-1,5.8971538676367405,0.14478000710369088
179,6,14,c,-1,5.44673737166631,0.14478000710369088
180,6,16,a,1,7.778211474512493,0.23193129608989693
181,6,16,a,1,5.075173815233827,0.23193129608989693
182,6,1,b,1,7.200424892944957,-0.1747479225450661
183,6,1,b,1,,-0.1747479225450661
184,6,3,d,-1,5.429345628954441,-0.0867871894442942
185,6,3,d,-1,,-0.0867871894442942
186,6,7,d,-1,4.969813299576001,-0.07875486006378196
187,6,7,d,-1,6.654152520183219,-0.07875486006378196
188,6,15,d,-1,5.356586274672012,-0.36469443430542015
189,6,15,d,-1,4.7535901911063645,-0.36469443430542015
190,7,5,c,-1,6.0112671744041615,0.1115649611747358
191,7,5,c,-1,7.151485463904735,0.1115649611747358
192,7,2,d,-1,6.095824562432225,-0.38217081417678855
193,7,2,d,-1,6.349138991379798,-0.38217081417678855
194,7,12,b,1,7.247080584585756,-0.2871846380585339
195,7,12,b,1,6.54534966033442,-0.2871846380585339
196,7,15,a,1,6.416732282512326,0.20878489772439934
197,7,15,a,1,,0.20878489772439934
198,7,3,a,1,4.969813299576001,0.05703535387874581
199,7,3,a,1,6.551080335043404,0.05703535387874581
200,7,11,a,1,6.606650186198215,-0.08934552324353714
201,7,11,a,1,7.206377291472252,-0.08934552324353714
202,7,4,b,1,6.802394763324311,-0.21075361417024396
203,7,4,b,1,5.780743515792329,-0.21075361417024396
204,7,9,c,-1,6.182084906716632,0.2566690714156721
205,7,9,c,-1,5.8522024797744745,0.2566690714156721
206,7,6,d,-1,6.049733455231958,-0.003413009544601664
207,7,6,d,-1,5.278114659230517,-0.003413009544601664
208,7,16,b,1,7.086737934510577,-0.11800735731958412
209,7,16,b,1,6.999422467507961,-0.11800735731958412
210,7,10,d,-1,7.419380582918692,-0.3105253755056765
211,7,10,d,-1,6.230481447578482,-0.3105253755056765
212,7,8,b,1,6.84587987526405,-0.10493575324653648
213,7,8,b,1,4.6443908991413725,-0.10493575324653648
214,7,14,d,-1,6.467698726104354,-0.2122081099951174
215,7,14,d,-1,5.662960480135946,-0.2122081099951174
216,7,1,c,-1,,0.0792321980989073
217,7,1,c,-1,6.455198563340122,0.0792321980989073
218,7,13,c,-1,4.7535901911063645,-0.039501111110439524
219,7,13,c,-1,5.356586274672012,-0.039501111110439524
220,7,7,a,1,6.342121418721152,-0.017159967770567164
221,7,7,a,1,,-0.017159967770567164
222,8,12,c,-1,6.104793232414985,0.38843387077213265
223,8,12,c,-1,,0.38843387077213265
224,8,7,b,1,7.688913336864796,-0.07875486006378196
225,8,7,b,1,5.768320995793772,-0.07875486006378196
226,8,4,c,-1,,0.3116784066951368
227,8,4,c,-1,,0.3116784066951368
228,8,10,a,1,7.113142108707088,-0.0587831987941172
229,8,10,a,1,7.768110378525988,-0.0587831987941172
230,8,2,a,1,7.65728279297819,0.497972247103462
231,8,2,a,1,5.768320995793772,0.497972247103462
232,8,11,b,1,7.768110378525988,-0.23551733707427047
233,8,11,b,1,7.5411524551363085,-0.23551733707427047
234,8,8,c,-1,4.882801922586371,0.0028219790256117094
235,8,8,c,-1,4.882801922586371,0.0028219790256117094
236,8,15,b,1,7.272398392570047,-0.36469443430542015
237,8,15,b,1,7.176254532017144,-0.36469443430542015
238,8,3,b,1,6.410174881966167,-0.0867871894442942
239,8,3,b,1,6.492239835020471,-0.0867871894442942
240,8,9,d,-1,,0.140635010699043
241,8,9,d,-1,7.313220387090301,0.140635010699043
242,8,1,d,-1,5.981414211254481,-0.1747479225450661
243,8,1,d,-1,6.539585955617669,-0.1747479225450661
244,8,14,a,1,7.385230923066573,0.14478000710369088
245,8,14,a,1,6.999422467507961,0.14478000710369088
246,8,13,d,-1,5.480638923341991,-0.007859083911171183
247,8,13,d,-1,6.349138991379798,-0.007859083911171183
248,8,5,d,-1,,-0.04059784402488731
249,8,5,d,-1,5.662960480135946,-0.04059784402488731
250,8,6,a,1,7.60489448081162,0.39140784452320077
251,8,6,a,1,7.681560362559537,0.39140784452320077
252,8,16,c,-1,,0.23193129608989693
253,8,16,c,-1,4.912654885736052,0.23193129608989693
254,9,16,d,-1,6.298949246855942,-0.11800735731958412
255,9,16,d,-1,6.349138991379798,-0.11800735731958412
256,9,12,d,-1,5.7430031878094825,-0.2871846380585339
257,9,12,d,-1,5.5909869805108565,-0.2871846380585339
258,9,4,d,-1,6.369900982828227,-0.21075361417024396
259,9,4,d,-1,7.443078374348516,-0.21075361417024396
260,9,2,b,1,7.7354333524996886,-0.38217081417678855
261,9,2,b,1,6.82001636467413,-0.38217081417678855
262,9,14,b,1,7.24422751560335,-0.2122081099951174
263,9,14,b,1,7.129297548929373,-0.2122081099951174
264,9,13,a,1,6.173786103901937,-0.039501111110439524
265,9,13,a,1,5.886104031450156,-0.039501111110439524
266,9,15,c,-1,5.908082938168931,0.20878489772439934
267,9,15,c,-1,6.068425588244111,0.20878489772439934
268,9,8,d,-1,,-0.10493575324653648
269,9,8,d,-1,7.212294468500341,-0.10493575324653648
270,9,7,c,-1,6.238324625039508,-0.017159967770567164
271,9,7,c,-1,5.863631175598097,-0.017159967770567164
272,9,10,b,1,6.654152520183219,-0.3105253755056765
273,9,10,b,1,6.815639990074331,-0.3105253755056765
274,9,5,a,1,7.477604243197589,0.1115649611747358
275,9,5,a,1,5.8289456176102075,0.1115649611747358
276,9,3,c,-1,7.409741954080923,0.05703535387874581
277,9,3,c,-1,7.052721049232323,0.05703535387874581
278,9,11,c,-1,6.461468176353717,-0.08934552324353714
279,9,11,c,-1,5.971261839790462,-0.08934552324353714
280,9,9,a,1,7.302496423727326,0.2566690714156721
281,9,9,a,1,6.1903154058531475,0.2566690714156721
282,9,6,b,1,6.9584483932976555,-0.003413009544601664
283,9,6,b,1,7.307872780763706,-0.003413009544601664
284,9,1,a,1,8.189799618728228,0.0792321980989073
285,9,1,a,1,6.342121418721152,0.0792321980989073
286,10,7,d,-1,6.077642243349034,-0.07875486006378196
287,10,7,d,-1,,-0.07875486006378196
288,10,14,c,-1,6.335054251498059,0.14478000710369088
289,10,14,c,-1,,0.14478000710369088
290,10,3,d,-1,5.793013608384144,-0.0867871894442942
291,10,3,d,-1,5.497168225293202,-0.0867871894442942
292,10,15,d,-1,,-0.36469443430542015
293,10,15,d,-1,5.648974238161206,-0.36469443430542015
294,10,10,c,-1,6.156978985585555,-0.0587831987941172
295,10,10,c,-1,5.298317366548036,-0.0587831987941172
296,10,13,b,1,6.230481447578482,-0.007859083911171183
297,10,13,b,1,,-0.007859083911171183
298,10,12,a,1,6.71901315438526,0.38843387077213265
299,10,12,a,1,,0.38843387077213265
300,10,2,c,-1,5.278114659230517,0.497972247103462
301,10,2,c,-1,5.971261839790462,0.497972247103462
302,10,8,a,1,6.342121418721152,0.0028219790256117094
303,10,8,a,1,,0.0028219790256117094
304,10,6,c,-1,5.69035945432406,0.39140784452320077
305,10,6,c,-1,,0.39140784452320077
306,10,9,b,1,,0.140635010699043
307,10,9,b,1,,0.140635010699043
308,10,5,b,1,5.2574953720277815,-0.04059784402488731
309,10,5,b,1,,-0.04059784402488731
310,10,1,b,1,5.337538079701318,-0.1747479225450661
311,10,1,b,1,,-0.1747479225450661
312,10,4,a,1,5.648974238161206,0.3116784066951368
313,10,4,a,1,,0.3116784066951368
314,10,11,d,-1,5.318119993844216,-0.23551733707427047
315,10,11,d,-1,5.480638923341991,-0.23551733707427047
316,10,16,a,1,5.817111159963204,0.23193129608989693
317,10,16,a,1,5.375278407684165,0.23193129608989693
318,11,10,d,-1,7.126087273299125,-0.3105253755056765
319,11,10,d,-1,,-0.3105253755056765
320,11,14,d,-1,7.16703787691222,-0.2122081099951174
321,11,14,d,-1,,-0.2122081099951174
322,11,15,a,1,6.7661917146603505,0.20878489772439934
323,11,15,a,1,6.568077911411976,0.20878489772439934
324,11,5,c,-1,5.375278407684165,0.1115649611747358
325,11,5,c,-1,5.755742213586912,0.1115649611747358
326,11,4,b,1,6.779921907472252,-0.21075361417024396
327,11,4,b,1,5.908082938168931,-0.21075361417024396
328,11,1,c,-1,6.131226489483141,0.0792321980989073
329,11,1,c,-1,6.601230118728877,0.0792321980989073
330,11,13,c,-1,5.337538079701318,-0.039501111110439524
331,11,13,c,-1,5.298317366548036,-0.039501111110439524
332,11,9,c,-1,,0.2566690714156721
333,11,9,c,-1,5.940171252720432,0.2566690714156721
334,11,12,b,1,6.784457062637643,-0.2871846380585339
335,11,12,b,1,,-0.2871846380585339
336,11,7,a,1,5.44673737166631,-0.017159967770567164
337,11,7,a,1,6.021023349349527,-0.017159967770567164
338,11,3,a,1,5.5909869805108565,0.05703535387874581
339,11,3,a,1,5.793013608384144,0.05703535387874581
340,11,8,b,1,5.805134968916488,-0.10493575324653648
341,11,8,b,1,5.356586274672012,-0.10493575324653648
342,11,2,d,-1,6.516193076042964,-0.38217081417678855
343,11,2,d,-1,7.3395376954076745,-0.38217081417678855
344,11,6,d,-1,5.676753802268282,-0.003413009544601664
345,11,6,d,-1,5.480638923341991,-0.003413009544601664
346,11,11,a,1,6.595780513961311,-0.08934552324353714
347,11,11,a,1,6.573680166960646,-0.08934552324353714
348,11,16,b,1,7.003065458786462,-0.11800735731958412
349,11,16,b,1,5.337538079701318,-0.11800735731958412
350,12,12,c,-1,,0.38843387077213265
351,12,12,c,-1,6.2766434893416445,0.38843387077213265
352,12,15,b,1,7.331714969726466,-0.36469443430542015
353,12,15,b,1,6.728628613084702,-0.36469443430542015
354,12,2,a,1,7.086737934510577,0.497972247103462
355,12,2,a,1,5.356586274672012,0.497972247103462
356,12,5,d,-1,5.886104031450156,-0.04059784402488731
357,12,5,d,-1,5.840641657373398,-0.04059784402488731
358,12,13,d,-1,4.852030263919617,-0.007859083911171183
359,12,13,d,-1,5.278114659230517,-0.007859083911171183
360,12,1,d,-1,5.780743515792329,-0.1747479225450661
361,12,1,d,-1,6.568077911411976,-0.1747479225450661
362,12,7,b,1,7.076653815443951,-0.07875486006378196
363,12,7,b,1,7.010311867307229,-0.07875486006378196
364,12,14,a,1,7.132497551660044,0.14478000710369088
365,12,14,a,1,7.297091005160418,0.14478000710369088
366,12,16,c,-1,6.261491684321042,0.23193129608989693
367,12,16,c,-1,4.820281565605037,0.23193129608989693
368,12,8,c,-1,6.674561391814426,0.0028219790256117094
369,12,8,c,-1,7.113142108707088,0.0028219790256117094
370,12,4,c,-1,4.997212273764115,0.3116784066951368
371,12,4,c,-1,,0.3116784066951368
372,12,6,a,1,7.321188556739478,0.39140784452320077
373,12,6,a,1,7.221105098182496,0.39140784452320077
374,12,9,d,-1,,0.140635010699043
375,12,9,d,-1,4.7535901911063645,0.140635010699043
376,12,11,b,1,6.2766434893416445,-0.23551733707427047
377,12,11,b,1,,-0.23551733707427047
378,12,10,a,1,6.498282149476434,-0.0587831987941172
379,12,10,a,1,7.77485576666552,-0.0587831987941172
380,12,3,b,1,6.728628613084702,-0.0867871894442942
381,12,3,b,1,7.681560362559537,-0.0867871894442942
382,13,6,b,1,5.69035945432406,-0.003413009544601664
383,13,6,b,1,6.8501261661455,-0.003413009544601664
384,13,9,a,1,8.13739583005665,0.2566690714156721
385,13,9,a,1,6.828712071641684,0.2566690714156721
386,13,15,c,-1,5.991464547107982,0.20878489772439934
387,13,15,c,-1,5.817111159963204,0.20878489772439934
388,13,11,c,-1,6.423246963533519,-0.08934552324353714
389,13,11,c,-1,5.356586274672012,-0.08934552324353714
390,13,3,c,-1,6.824373670043086,0.05703535387874581
391,13,3,c,-1,5.298317366548036,0.05703535387874581
392,13,8,d,-1,5.886104031450156,-0.10493575324653648
393,13,8,d,-1,6.139884552226255,-0.10493575324653648
394,13,2,b,1,7.10002716662926,-0.38217081417678855
395,13,2,b,1,5.7430031878094825,-0.38217081417678855
396,13,5,a,1,7.822444729489319,0.1115649611747358
397,13,5,a,1,6.313548046277095,0.1115649611747358
398,13,14,b,1,7.757906208351747,-0.2122081099951174
399,13,14,b,1,7.1098794630722715,-0.2122081099951174
400,13,13,a,1,7.616775808698373,-0.039501111110439524
401,13,13,a,1,,-0.039501111110439524
402,13,10,b,1,6.306275286948016,-0.3105253755056765
403,13,10,b,1,7.592870287844818,-0.3105253755056765
404,13,1,a,1,6.98100574072173,0.0792321980989073
405,13,1,a,1,5.480638923341991,0.0792321980989073
406,13,4,d,-1,5.780743515792329,-0.21075361417024396
407,13,4,d,-1,6.349138991379798,-0.21075361417024396
408,13,16,d,-1,6.573680166960646,-0.11800735731958412
409,13,16,d,-1,,-0.11800735731958412
410,13,12,d,-1,6.704414354964107,-0.2871846380585339
411,13,12,d,-1,6.2766434893416445,-0.2871846380585339
412,13,7,c,-1,4.820281565605037,-0.017159967770567164
413,13,7,c,-1,5.123963979403259,-0.017159967770567164
414,14,10,c,-1,6.946975992135418,-0.0587831987941172
415,14,10,c,-1,6.0112671744041615,-0.0587831987941172
416,14,7,d,-1,6.903747257584598,-0.07875486006378196
417,14,7,d,-1,,-0.07875486006378196
418,14,11,d,-1,6.182084906716632,-0.23551733707427047
419,14,11,d,-1,7.066466970136958,-0.23551733707427047
420,14,2,c,-1,6.455198563340122,0.497972247103462
421,14,2,c,-1,5.2574953720277815,0.497972247103462
422,14,13,b,1,7.1853870155804165,-0.007859083911171183
423,14,13,b,1,,-0.007859083911171183
424,14,9,b,1,7.315883504509785,0.140635010699043
425,14,9,b,1,5.560681631015528,0.140635010699043
426,14,8,a,1,6.601230118728877,0.0028219790256117094
427,14,8,a,1,6.139884552226255,0.0028219790256117094
428,14,1,b,1,7.22402480828583,-0.1747479225450661
429,14,1,b,1,6.021023349349527,-0.1747479225450661
430,14,3,d,-1,6.96979066990159,-0.0867871894442942
431,14,3,d,-1,6.253828811575473,-0.0867871894442942
432,14,4,a,1,7.069874128458572,0.3116784066951368
433,14,4,a,1,5.961005339623274,0.3116784066951368
434,14,12,a,1,6.775366090936392,0.38843387077213265
435,14,12,a,1,,0.38843387077213265
436,14,5,b,1,6.999422467507961,-0.04059784402488731
437,14,5,b,1,5.214935757608986,-0.04059784402488731
438,14,16,a,1,7.197435354096591,0.23193129608989693
439,14,16,a,1,,0.23193129608989693
440,14,14,c,-1,7.215239978730097,0.14478000710369088
441,14,14,c,-1,,0.14478000710369088
442,14,6,c,-1,7.188412736496954,0.39140784452320077
443,14,6,c,-1,,0.39140784452320077
444,14,15,d,-1,6.824373670043086,-0.36469443430542015
445,14,15,d,-1,,-0.36469443430542015
446,15,6,d,-1,5.545177444479562,-0.003413009544601664
447,15,6,d,-1,5.429345628954441,-0.003413009544601664
448,15,15,a,1,,0.20878489772439934
449,15,15,a,1,,0.20878489772439934
450,15,10,d,-1,7.357556200910353,-0.3105253755056765
451,15,10,d,-1,5.961005339623274,-0.3105253755056765
452,15,2,d,-1,5.634789603169249,-0.38217081417678855
453,15,2,d,-1,,-0.38217081417678855
454,15,14,d,-1,5.214935757608986,-0.2122081099951174
455,15,14,d,-1,5.075173815233827,-0.2122081099951174
456,15,3,a,1,5.278114659230517,0.05703535387874581
457,15,3,a,1,5.634789603169249,0.05703535387874581
458,15,1,c,-1,,0.0792321980989073
459,15,1,c,-1,5.298317366548036,0.0792321980989073
460,15,9,c,-1,5.356586274672012,0.2566690714156721
461,15,9,c,-1,3.784189633918261,0.2566690714156721
462,15,7,a,1,,-0.017159967770567164
463,15,7,a,1,,-0.017159967770567164
464,15,8,b,1,5.768320995793772,-0.10493575324653648
465,15,8,b,1,5.805134968916488,-0.10493575324653648
466,15,11,a,1,6.29156913955832,-0.08934552324353714
467,15,11,a,1,6.862757913051401,-0.08934552324353714
468,15,12,b,1,5.298317366548036,-0.2871846380585339
469,15,12,b,1,,-0.2871846380585339
470,15,13,c,-1,5.123963979403259,-0.039501111110439524
471,15,13,c,-1,5.2574953720277815,-0.039501111110439524
472,15,4,b,1,5.8289456176102075,-0.21075361417024396
473,15,4,b,1,,-0.21075361417024396
474,15,16,b,1,5.755742213586912,-0.11800735731958412
475,15,16,b,1,5.099866427824199,-0.11800735731958412
476,15,5,c,-1,,0.1115649611747358
477,15,5,c,-1,4.912654885736052,0.1115649611747358
478,16,14,a,1,6.363028103540465,0.14478000710369088
479,16,14,a,1,6.684611727667927,0.14478000710369088
480,16,5,d,-1,6.139884552226255,-0.04059784402488731
481,16,5,d,-1,5.5134287461649825,-0.04059784402488731
482,16,3,b,1,5.429345628954441,-0.0867871894442942
483,16,3,b,1,6.455198563340122,-0.0867871894442942
484,16,13,d,-1,,-0.007859083911171183
485,16,13,d,-1,6.077642243349034,-0.007859083911171183
486,16,6,a,1,6.173786103901937,0.39140784452320077
487,16,6,a,1,6.306275286948016,0.39140784452320077
488,16,1,d,-1,,-0.1747479225450661
489,16,1,d,-1,6.2766434893416445,-0.1747479225450661
490,16,15,b,1,7.280697195384741,-0.36469443430542015
491,16,15,b,1,6.806829360392176,-0.36469443430542015
492,16,8,c,-1,5.908082938168931,0.0028219790256117094
493,16,8,c,-1,4.820281565605037,0.0028219790256117094
494,16,11,b,1,6.7661917146603505,-0.23551733707427047
495,16,11,b,1,6.131226489483141,-0.23551733707427047
496,16,7,b,1,6.779921907472252,-0.07875486006378196
497,16,7,b,1,,-0.07875486006378196
498,16,9,d,-1,6.467698726104354,0.140635010699043
499,16,9,d,-1,5.545177444479562,0.140635010699043
500,16,16,c,-1,5.4116460518550396,0.23193129608989693
501,16,16,c,-1,,0.23193129608989693
502,16,10,a,1,6.742880635791903,-0.0587831987941172
503,16,10,a,1,7.24422751560335,-0.0587831987941172
504,16,12,c,-1,5.730099782973574,0.38843387077213265
505,16,12,c,-1,5.147494476813453,0.38843387077213265
506,16,2,a,1,7.154615356913663,0.497972247103462
507,16,2,a,1,,0.497972247103462
508,16,4,c,-1,,0.3116784066951368
509,16,4,c,-1,5.817111159963204,0.3116784066951368
510,17,11,c,-1,6.679599185844383,-0.08934552324353714
511,17,11,c,-1,5.918893854273146,-0.08934552324353714
512,17,5,a,1,7.791522819150732,0.1115649611747358
513,17,5,a,1,6.7661917146603505,0.1115649611747358
514,17,3,c,-1,6.628041376179533,0.05703535387874581
515,17,3,c,-1,4.820281565605037,0.05703535387874581
516,17,6,b,1,7.566311014772463,-0.003413009544601664
517,17,6,b,1,7.687080155783135,-0.003413009544601664
518,17,9,a,1,6.139884552226255,0.2566690714156721
519,17,9,a,1,,0.2566690714156721
520,17,2,b,1,7.360103972989152,-0.38217081417678855
521,17,2,b,1,5.298317366548036,-0.38217081417678855
522,17,15,c,-1,4.6443908991413725,0.20878489772439934
523,17,15,c,-1,,0.20878489772439934
524,17,14,b,1,7.035268599281097,-0.2122081099951174
525,17,14,b,1,6.423246963533519,-0.2122081099951174
526,17,4,d,-1,5.605802066295998,-0.21075361417024396
527,17,4,d,-1,,-0.21075361417024396
528,17,13,a,1,7.16703787691222,-0.039501111110439524
529,17,13,a,1,5.717027701406222,-0.039501111110439524
530,17,7,c,-1,5.318119993844216,-0.017159967770567164
531,17,7,c,-1,5.19295685089021,-0.017159967770567164
532,17,1,a,1,6.1903154058531475,0.0792321980989073
533,17,1,a,1,5.971261839790462,0.0792321980989073
534,17,16,d,-1,5.863631175598097,-0.11800735731958412
535,17,16,d,-1,,-0.11800735731958412
536,17,10,b,1,,-0.3105253755056765
537,17,10,b,1,,-0.3105253755056765
538,17,12,d,-1,5.44673737166631,-0.2871846380585339
539,17,12,d,-1,,-0.2871846380585339
540,17,8,d,-1,5.278114659230517,-0.10493575324653648
541,17,8,d,-1,,-0.10493575324653648
542,18,11,d,-1,5.318119993844216,-0.23551733707427047
543,18,11,d,-1,5.703782474656201,-0.23551733707427047
544,18,5,b,1,5.730099782973574,-0.04059784402488731
545,18,5,b,1,5.2574953720277815,-0.04059784402488731
546,18,16,a,1,6.306275286948016,0.23193129608989693
547,18,16,a,1,,0.23193129608989693
548,18,6,c,-1,,0.39140784452320077
549,18,6,c,-1,5.214935757608986,0.39140784452320077
550,18,15,d,-1,6.068425588244111,-0.36469443430542015
551,18,15,d,-1,7.00669522683704,-0.36469443430542015
552,18,4,a,1,5.840641657373398,0.3116784066951368
553,18,4,a,1,,0.3116784066951368
554,18,1,b,1,6.556778356158042,-0.1747479225450661
555,18,1,b,1,5.393627546352362,-0.1747479225450661
556,18,7,d,-1,6.148468295917647,-0.07875486006378196
557,18,7,d,-1,5.480638923341991,-0.07875486006378196
558,18,2,c,-1,,0.497972247103462
559,18,2,c,-1,5.918893854273146,0.497972247103462
560,18,13,b,1,6.756932389247553,-0.007859083911171183
561,18,13,b,1,6.222576268071369,-0.007859083911171183
562,18,12,a,1,6.52795791762255,0.38843387077213265
563,18,12,a,1,4.6443908991413725,0.38843387077213265
564,18,9,b,1,6.62273632394984,0.140635010699043
565,18,9,b,1,,0.140635010699043
566,18,8,a,1,8.006367567650246,0.0028219790256117094
567,18,8,a,1,5.0238805208462765,0.0028219790256117094
568,18,10,c,-1,6.498282149476434,-0.0587831987941172
569,18,10,c,-1,5.545177444479562,-0.0587831987941172
570,18,14,c,-1,5.393627546352362,0.14478000710369088
571,18,14,c,-1,,0.14478000710369088
572,18,3,d,-1,6.738152494595957,-0.0867871894442942
573,18,3,d,-1,6.694562058521095,-0.0867871894442942
574,19,5,c,-1,6.52795791762255,0.1115649611747358
575,19,5,c,-1,4.997212273764115,0.1115649611747358
576,19,7,a,1,6.911747300251674,-0.017159967770567164
577,19,7,a,1,,-0.017159967770567164
578,19,6,d,-1,6.173786103901937,-0.003413009544601664
579,19,6,d,-1,,-0.003413009544601664
580,19,8,b,1,6.6895992691789665,-0.10493575324653648
581,19,8,b,1,5.480638923341991,-0.10493575324653648
582,19,1,c,-1,5.375278407684165,0.0792321980989073
583,19,1,c,-1,6.077642243349034,0.0792321980989073
584,19,3,a,1,7.07326971745971,0.05703535387874581
585,19,3,a,1,7.059617628291383,0.05703535387874581
586,19,11,a,1,6.824373670043086,-0.08934552324353714
587,19,11,a,1,7.042286171939743,-0.08934552324353714
588,19,12,b,1,6.699500340161678,-0.2871846380585339
589,19,12,b,1,,-0.2871846380585339
590,19,16,b,1,7.093404625868766,-0.11800735731958412
591,19,16,b,1,5.793013608384144,-0.11800735731958412
592,19,4,b,1,7.066466970136958,-0.21075361417024396
593,19,4,b,1,4.7535901911063645,-0.21075361417024396
594,19,13,c,-1,,-0.039501111110439524
595,19,13,c,-1,6.899723107284872,-0.039501111110439524
596,19,10,d,-1,6.828712071641684,-0.3105253755056765
597,19,10,d,-1,4.7535901911063645,-0.3105253755056765
598,19,9,c,-1,6.040254711277414,0.2566690714156721
599,19,9,c,-1,6.214608098422191,0.2566690714156721
600,19,14,d,-1,7.4073177104694174,-0.2122081099951174
601,19,14,d,-1,5.69035945432406,-0.2122081099951174
602,19,2,d,-1,6.261491684321042,-0.38217081417678855
603,19,2,d,-1,5.730099782973574,-0.38217081417678855
604,19,15,a,1,6.931471805599453,0.20878489772439934
605,19,15,a,1,6.040254711277414,0.20878489772439934
606,20,15,b,1,6.950814768442584,-0.36469443430542015
607,20,15,b,1,5.44673737166631,-0.36469443430542015
608,20,1,d,-1,4.941642422609304,-0.1747479225450661
609,20,1,d,-1,6.077642243349034,-0.1747479225450661
610,20,7,b,1,6.1903154058531475,-0.07875486006378196
611,20,7,b,1,4.787491742782046,-0.07875486006378196
612,20,6,a,1,6.761572768804055,0.39140784452320077
613,20,6,a,1,7.272398392570047,0.39140784452320077
614,20,5,d,-1,6.492239835020471,-0.04059784402488731
615,20,5,d,-1,5.170483995038151,-0.04059784402488731
616,20,14,a,1,6.891625897052253,0.14478000710369088
617,20,14,a,1,6.699500340161678,0.14478000710369088
618,20,12,c,-1,4.219507705176107,0.38843387077213265
619,20,12,c,-1,5.529429087511423,0.38843387077213265
620,20,16,c,-1,5.0238805208462765,0.23193129608989693
621,20,16,c,-1,5.236441962829949,0.23193129608989693
622,20,11,b,1,7.4360278163518485,-0.23551733707427047
623,20,11,b,1,6.2766434893416445,-0.23551733707427047
624,20,10,a,1,6.269096283706261,-0.0587831987941172
625,20,10,a,1,7.00669522683704,-0.0587831987941172
626,20,3,b,1,6.448889394146858,-0.0867871894442942
627,20,3,b,1,6.837332814685591,-0.0867871894442942
628,20,4,c,-1,5.123963979403259,0.3116784066951368
629,20,4,c,-1,5.123963979403259,0.3116784066951368
630,20,9,d,-1,,0.140635010699043
631,20,9,d,-1,5.908082938168931,0.140635010699043
632,20,2,a,1,6.841615476477592,0.497972247103462
633,20,2,a,1,5.4116460518550396,0.497972247103462
634,20,13,d,-1,5.075173815233827,-0.007859083911171183
635,20,13,d,-1,5.375278407684165,-0.007859083911171183
636,20,8,c,-1,4.7535901911063645,0.0028219790256117094
637,20,8,c,-1,5.793013608384144,0.0028219790256117094
638,21,2,b,1,,-0.38217081417678855
639,21,2,b,1,,-0.38217081417678855
640,21,4,d,-1,6.306275286948016,-0.21075361417024396
641,21,4,d,-1,6.1224928095143865,-0.21075361417024396
642,21,7,c,-1,5.940171252720432,-0.017159967770567164
643,21,7,c,-1,,-0.017159967770567164
644,21,13,a,1,7.203405521083095,-0.039501111110439524
645,21,13,a,1,6.095824562432225,-0.039501111110439524
646,21,8,d,-1,5.8522024797744745,-0.10493575324653648
647,21,8,d,-1,5.780743515792329,-0.10493575324653648
648,21,9,a,1,7.232733136177615,0.2566690714156721
649,21,9,a,1,6.206575926724928,0.2566690714156721
650,21,14,b,1,7.847762537473608,-0.2122081099951174
651,21,14,b,1,7.477604243197589,-0.2122081099951174
652,21,5,a,1,6.709304340258298,0.1115649611747358
653,21,5,a,1,6.946975992135418,0.1115649611747358
654,21,1,a,1,7.90100705199242,0.0792321980989073
655,21,1,a,1,6.349138991379798,0.0792321980989073
656,21,12,d,-1,6.423246963533519,-0.2871846380585339
657,21,12,d,-1,,-0.2871846380585339
658,21,6,b,1,6.98100574072173,-0.003413009544601664
659,21,6,b,1,7.827240901752812,-0.003413009544601664
660,21,11,c,-1,5.755742213586912,-0.08934552324353714
661,21,11,c,-1,,-0.08934552324353714
662,21,10,b,1,6.2766434893416445,-0.3105253755056765
663,21,10,b,1,6.306275286948016,-0.3105253755056765
664,21,16,d,-1,,-0.11800735731958412
665,21,16,d,-1,6.182084906716632,-0.11800735731958412
666,21,3,c,-1,6.779921907472252,0.05703535387874581
667,21,3,c,-1,,0.05703535387874581
668,21,15,c,-1,5.62040086571715,0.20878489772439934
669,21,15,c,-1,5.049856007249537,0.20878489772439934
670,22,7,d,-1,5.840641657373398,-0.07875486006378196
671,22,7,d,-1,7.083387847625295,-0.07875486006378196
672,22,15,d,-1,,-0.36469443430542015
673,22,15,d,-1,6.504288173536645,-0.36469443430542015
674,22,14,c,-1,6.742880635791903,0.14478000710369088
675,22,14,c,-1,,0.14478000710369088
676,22,6,c,-1,,0.39140784452320077
677,22,6,c,-1,,0.39140784452320077
678,22,12,a,1,6.253828811575473,0.38843387077213265
679,22,12,a,1,,0.38843387077213265
680,22,16,a,1,7.142036574706803,0.23193129608989693
681,22,16,a,1,4.7535901911063645,0.23193129608989693
682,22,3,d,-1,6.52795791762255,-0.0867871894442942
683,22,3,d,-1,5.8289456176102075,-0.0867871894442942
684,22,1,b,1,7.988882253309227,-0.1747479225450661
685,22,1,b,1,5.793013608384144,-0.1747479225450661
686,22,8,a,1,7.986164860332727,0.0028219790256117094
687,22,8,a,1,6.113682179832232,0.0028219790256117094
688,22,9,b,1,7.690743163541872,0.140635010699043
689,22,9,b,1,,0.140635010699043
690,22,10,c,-1,7.553810852008231,-0.0587831987941172
691,22,10,c,-1,5.356586274672012,-0.0587831987941172
692,22,13,b,1,8.237479288613633,-0.007859083911171183
693,22,13,b,1,7.00669522683704,-0.007859083911171183
694,22,11,d,-1,7.280697195384741,-0.23551733707427047
695,22,11,d,-1,7.182352111885263,-0.23551733707427047
696,22,5,b,1,6.939253946041508,-0.04059784402488731
697,22,5,b,1,6.363028103540465,-0.04059784402488731
698,22,2,c,-1,,0.497972247103462
699,22,2,c,-1,7.066466970136958,0.497972247103462
700,22,4,a,1,7.275172319452771,0.3116784066951368
701,22,4,a,1,,0.3116784066951368
702,23,3,a,1,,0.05703535387874581
703,23,3,a,1,,0.05703535387874581
704,23,4,b,1,6.522092798170152,-0.21075361417024396
705,23,4,b,1,4.477336814478207,-0.21075361417024396
706,23,1,c,-1,,0.0792321980989073
707,23,1,c,-1,5.634789603169249,0.0792321980989073
708,23,2,d,-1,6.077642243349034,-0.38217081417678855
709,23,2,d,-1,6.756932389247553,-0.38217081417678855
710,23,12,b,1,7.148345743900068,-0.2871846380585339
711,23,12,b,1,5.768320995793772,-0.2871846380585339
712,23,9,c,-1,,0.2566690714156721
713,23,9,c,-1,,0.2566690714156721
714,23,6,d,-1,6.52795791762255,-0.003413009544601664
715,23,6,d,-1,5.62040086571715,-0.003413009544601664
716,23,14,d,-1,4.6443908991413725,-0.2122081099951174
717,23,14,d,-1,6.230481447578482,-0.2122081099951174
718,23,10,d,-1,5.480638923341991,-0.3105253755056765
719,23,10,d,-1,,-0.3105253755056765
720,23,11,a,1,5.393627546352362,-0.08934552324353714
721,23,11,a,1,6.51025834052315,-0.08934552324353714
722,23,8,b,1,6.539585955617669,-0.10493575324653648
723,23,8,b,1,4.1588830833596715,-0.10493575324653648
724,23,16,b,1,6.664409020350408,-0.11800735731958412
725,23,16,b,1,6.222576268071369,-0.11800735731958412
726,23,7,a,1,7.404887575616125,-0.017159967770567164
727,23,7,a,1,4.219507705176107,-0.017159967770567164
728,23,13,c,-1,6.298949246855942,-0.039501111110439524
729,23,13,c,-1,5.961005339623274,-0.039501111110439524
730,23,15,a,1,,0.20878489772439934
731,23,15,a,1,5.298317366548036,0.20878489772439934
732,23,5,c,-1,6.806829360392176,0.1115649611747358
733,23,5,c,-1,6.349138991379798,0.1115649611747358
734,24,14,a,1,7.02108396428914,0.14478000710369088
735,24,14,a,1,7.63433723562832,0.14478000710369088
736,24,15,b,1,6.742880635791903,-0.36469443430542015
737,24,15,b,1,5.87493073085203,-0.36469443430542015
738,24,13,d,-1,,-0.007859083911171183
739,24,13,d,-1,5.634789603169249,-0.007859083911171183
740,24,12,c,-1,4.564348191467836,0.38843387077213265
741,24,12,c,-1,6.327936783729195,0.38843387077213265
742,24,10,a,1,6.56244409369372,-0.0587831987941172
743,24,10,a,1,7.221105098182496,-0.0587831987941172
744,24,6,a,1,7.323830566202317,0.39140784452320077
745,24,6,a,1,6.895682697747868,0.39140784452320077
746,24,7,b,1,6.579251212010101,-0.07875486006378196
747,24,7,b,1,5.4116460518550396,-0.07875486006378196
748,24,8,c,-1,5.19295685089021,0.0028219790256117094
749,24,8,c,-1,5.950642552587727,0.0028219790256117094
750,24,2,a,1,7.331714969726466,0.497972247103462
751,24,2,a,1,,0.497972247103462
752,24,4,c,-1,5.634789603169249,0.3116784066951368
753,24,4,c,-1,5.123963979403259,0.3116784066951368
754,24,16,c,-1,5.298317366548036,0.23193129608989693
755,24,16,c,-1,4.912654885736052,0.23193129608989693
756,24,5,d,-1,,-0.04059784402488731
757,24,5,d,-1,,-0.04059784402488731
758,24,11,b,1,6.504288173536645,-0.23551733707427047
759,24,11,b,1,6.931471805599453,-0.23551733707427047
760,24,1,d,-1,5.170483995038151,-0.1747479225450661
761,24,1,d,-1,5.560681631015528,-0.1747479225450661
762,24,9,d,-1,,0.140635010699043
763,24,9,d,-1,5.575949103146316,0.140635010699043
764,24,3,b,1,6.923628628138427,-0.0867871894442942
765,24,3,b,1,7.080026499922591,-0.0867871894442942
766,25,1,a,1,6.694562058521095,0.0792321980989073
767,25,1,a,1,,0.0792321980989073
768,25,9,a,1,7.02108396428914,0.2566690714156721
769,25,9,a,1,,0.2566690714156721
770,25,3,c,-1,6.654152520183219,0.05703535387874581
771,25,3,c,-1,,0.05703535387874581
772,25,11,c,-1,7.370230641807081,-0.08934552324353714
773,25,11,c,-1,6.416732282512326,-0.08934552324353714
774,25,6,b,1,6.363028103540465,-0.003413009544601664
775,25,6,b,1,6.659293919683638,-0.003413009544601664
776,25,15,c,-1,6.595780513961311,0.20878489772439934
777,25,15,c,-1,,0.20878489772439934
778,25,16,d,-1,5.69035945432406,-0.11800735731958412
779,25,16,d,-1,5.605802066295998,-0.11800735731958412
780,25,5,a,1,7.504391559161238,0.1115649611747358
781,25,5,a,1,5.147494476813453,0.1115649611747358
782,25,7,c,-1,5.8971538676367405,-0.017159967770567164
783,25,7,c,-1,6.363028103540465,-0.017159967770567164
784,25,2,b,1,6.568077911411976,-0.38217081417678855
785,25,2,b,1,,-0.38217081417678855
786,25,8,d,-1,,-0.10493575324653648
787,25,8,d,-1,,-0.10493575324653648
788,25,10,b,1,6.492239835020471,-0.3105253755056765
789,25,10,b,1,7.60688453121963,-0.3105253755056765
790,25,12,d,-1,5.5909869805108565,-0.2871846380585339
791,25,12,d,-1,6.349138991379798,-0.2871846380585339
792,25,13,a,1,7.160845906664299,-0.039501111110439524
793,25,13,a,1,5.19295685089021,-0.039501111110439524
794,25,14,b,1,6.467698726104354,-0.2122081099951174
795,25,14,b,1,6.694562058521095,-0.2122081099951174
796,25,4,d,-1,,-0.21075361417024396
797,25,4,d,-1,6.84587987526405,-0.21075361417024396
798,26,15,d,-1,,-0.36469443430542015
799,26,15,d,-1,,-0.36469443430542015
800,26,11,d,-1,6.030685260261263,-0.23551733707427047
801,26,11,d,-1,6.79794041297493,-0.23551733707427047
802,26,12,a,1,6.584791392385716,0.38843387077213265
803,26,12,a,1,,0.38843387077213265
804,26,7,d,-1,5.87493073085203,-0.07875486006378196
805,26,7,d,-1,,-0.07875486006378196
806,26,9,b,1,7.463936604468925,0.140635010699043
807,26,9,b,1,5.69035945432406,0.140635010699043
808,26,13,b,1,7.269616749608169,-0.007859083911171183
809,26,13,b,1,,-0.007859083911171183
810,26,16,a,1,6.5337888379333435,0.23193129608989693
811,26,16,a,1,6.077642243349034,0.23193129608989693
812,26,8,a,1,6.899723107284872,0.0028219790256117094
813,26,8,a,1,,0.0028219790256117094
814,26,14,c,-1,6.779921907472252,0.14478000710369088
815,26,14,c,-1,,0.14478000710369088
816,26,3,d,-1,6.467698726104354,-0.0867871894442942
817,26,3,d,-1,5.560681631015528,-0.0867871894442942
818,26,2,c,-1,5.19295685089021,0.497972247103462
819,26,2,c,-1,5.703782474656201,0.497972247103462
820,26,5,b,1,6.742880635791903,-0.04059784402488731
821,26,5,b,1,6.182084906716632,-0.04059784402488731
822,26,4,a,1,6.77078942390898,0.3116784066951368
823,26,4,a,1,5.429345628954441,0.3116784066951368
824,26,10,c,-1,6.962243464266207,-0.0587831987941172
825,26,10,c,-1,,-0.0587831987941172
826,26,6,c,-1,5.4116460518550396,0.39140784452320077
827,26,6,c,-1,,0.39140784452320077
828,26,1,b,1,6.679599185844383,-0.1747479225450661
829,26,1,b,1,,-0.1747479225450661
830,28,16,c,-1,5.236441962829949,0.23193129608989693
831,28,16,c,-1,5.4116460518550396,0.23193129608989693
832,28,12,c,-1,6.699500340161678,0.38843387077213265
833,28,12,c,-1,7.135687347028144,0.38843387077213265
834,28,10,a,1,6.911747300251674,-0.0587831987941172
835,28,10,a,1,7.191429330036379,-0.0587831987941172
836,28,14,a,1,6.9957661563048505,0.14478000710369088
837,28,14,a,1,6.410174881966167,0.14478000710369088
838,28,5,d,-1,,-0.04059784402488731
839,28,5,d,-1,6.617402977974478,-0.04059784402488731
840,28,9,d,-1,,0.140635010699043
841,28,9,d,-1,6.222576268071369,0.140635010699043
842,28,11,b,1,5.7430031878094825,-0.23551733707427047
843,28,11,b,1,5.69035945432406,-0.23551733707427047
844,28,2,a,1,6.486160788944089,0.497972247103462
845,28,2,a,1,,0.497972247103462
846,28,13,d,-1,,-0.007859083911171183
847,28,13,d,-1,5.236441962829949,-0.007859083911171183
848,28,6,a,1,6.617402977974478,0.39140784452320077
849,28,6,a,1,6.664409020350408,0.39140784452320077
850,28,15,b,1,6.3561076606958915,-0.36469443430542015
851,28,15,b,1,5.780743515792329,-0.36469443430542015
852,28,1,d,-1,,-0.1747479225450661
853,28,1,d,-1,6.895682697747868,-0.1747479225450661
854,28,4,c,-1,5.19295685089021,0.3116784066951368
855,28,4,c,-1,5.634789603169249,0.3116784066951368
856,28,7,b,1,6.733401891837359,-0.07875486006378196
857,28,7,b,1,,-0.07875486006378196
858,28,8,c,-1,5.19295685089021,0.0028219790256117094
859,28,8,c,-1,5.356586274672012,0.0028219790256117094
860,28,3,b,1,6.694562058521095,-0.0867871894442942
861,28,3,b,1,7.059617628291383,-0.0867871894442942
862,29,10,b,1,6.238324625039508,-0.3105253755056765
863,29,10,b,1,5.375278407684165,-0.3105253755056765
864,29,2,b,1,7.045776576879511,-0.38217081417678855
865,29,2,b,1,4.912654885736052,-0.38217081417678855
866,29,16,d,-1,6.486160788944089,-0.11800735731958412
867,29,16,d,-1,5.099866427824199,-0.11800735731958412
868,29,3,c,-1,6.84587987526405,0.05703535387874581
869,29,3,c,-1,6.5337888379333435,0.05703535387874581
870,29,9,a,1,7.757906208351747,0.2566690714156721
871,29,9,a,1,7.0630481633881725,0.2566690714156721
872,29,13,a,1,6.802394763324311,-0.039501111110439524
873,29,13,a,1,,-0.039501111110439524
874,29,14,b,1,7.277938572945661,-0.2122081099951174
875,29,14,b,1,7.668561108015897,-0.2122081099951174
876,29,6,b,1,7.638198244285779,-0.003413009544601664
877,29,6,b,1,7.681560362559537,-0.003413009544601664
878,29,15,c,-1,,0.20878489772439934
879,29,15,c,-1,6.059123195581797,0.20878489772439934
880,29,11,c,-1,5.87493073085203,-0.08934552324353714
881,29,11,c,-1,5.981414211254481,-0.08934552324353714
882,29,12,d,-1,,-0.2871846380585339
883,29,12,d,-1,5.780743515792329,-0.2871846380585339
884,29,4,d,-1,,-0.21075361417024396
885,29,4,d,-1,,-0.21075361417024396
886,29,1,a,1,7.473069088032197,0.0792321980989073
887,29,1,a,1,,0.0792321980989073
888,29,7,c,-1,,-0.017159967770567164
889,29,7,c,-1,,-0.017159967770567164
890,29,8,d,-1,5.147494476813453,-0.10493575324653648
891,29,8,d,-1,5.480638923341991,-0.10493575324653648
892,29,5,a,1,,0.1115649611747358
893,29,5,a,1,5.560681631015528,0.1115649611747358
894,30,15,d,-1,,-0.36469443430542015
895,30,15,d,-1,5.648974238161206,-0.36469443430542015
896,30,5,b,1,6.2766434893416445,-0.04059784402488731
897,30,5,b,1,5.69035945432406,-0.04059784402488731
898,30,9,b,1,,0.140635010699043
899,30,9,b,1,,0.140635010699043
900,30,6,c,-1,6.612041034833092,0.39140784452320077
901,30,6,c,-1,5.075173815233827,0.39140784452320077
902,30,2,c,-1,5.717027701406222,0.497972247103462
903,30,2,c,-1,4.941642422609304,0.497972247103462
904,30,14,c,-1,6.638567789166521,0.14478000710369088
905,30,14,c,-1,5.214935757608986,0.14478000710369088
906,30,13,b,1,6.39024066706535,-0.007859083911171183
907,30,13,b,1,5.886104031450156,-0.007859083911171183
908,30,16,a,1,6.679599185844383,0.23193129608989693
909,30,16,a,1,,0.23193129608989693
910,30,3,d,-1,5.393627546352362,-0.0867871894442942
911,30,3,d,-1,5.298317366548036,-0.0867871894442942
912,30,7,d,-1,,-0.07875486006378196
913,30,7,d,-1,5.676753802268282,-0.07875486006378196
914,30,10,c,-1,5.87493073085203,-0.0587831987941172
915,30,10,c,-1,,-0.0587831987941172
916,30,1,b,1,5.634789603169249,-0.1747479225450661
917,30,1,b,1,,-0.1747479225450661
918,30,4,a,1,5.236441962829949,0.3116784066951368
919,30,4,a,1,4.997212273764115,0.3116784066951368
920,30,12,a,1,6.0112671744041615,0.38843387077213265
921,30,12,a,1,5.87493073085203,0.38843387077213265
922,30,11,d,-1,4.882801922586371,-0.23551733707427047
923,30,11,d,-1,5.356586274672012,-0.23551733707427047
924,30,8,a,1,5.780743515792329,0.0028219790256117094
925,30,8,a,1,5.278114659230517,0.0028219790256117094
926,31,9,c,-1,5.337538079701318,0.2566690714156721
927,31,9,c,-1,6.486160788944089,0.2566690714156721
928,31,8,b,1,6.71901315438526,-0.10493575324653648
929,31,8,b,1,5.560681631015528,-0.10493575324653648
930,31,5,c,-1,,0.1115649611747358
931,31,5,c,-1,6.410174881966167,0.1115649611747358
932,31,13,c,-1,4.882801922586371,-0.039501111110439524
933,31,13,c,-1,,-0.039501111110439524
934,31,12,b,1,6.54534966033442,-0.2871846380585339
935,31,12,b,1,5.805134968916488,-0.2871846380585339
936,31,14,d,-1,6.837332814685591,-0.2122081099951174
937,31,14,d,-1,,-0.2122081099951174
938,31,16,b,1,5.5134287461649825,-0.11800735731958412
939,31,16,b,1,,-0.11800735731958412
940,31,11,a,1,6.556778356158042,-0.08934552324353714
941,31,11,a,1,6.3561076606958915,-0.08934552324353714
942,31,7,a,1,6.52795791762255,-0.017159967770567164
943,31,7,a,1,5.971261839790462,-0.017159967770567164
944,31,15,a,1,6.1903154058531475,0.20878489772439934
945,31,15,a,1,,0.20878489772439934
946,31,1,c,-1,,0.0792321980989073
947,31,1,c,-1,5.356586274672012,0.0792321980989073
948,31,10,d,-1,6.16541785423142,-0.3105253755056765
949,31,10,d,-1,5.049856007249537,-0.3105253755056765
950,31,3,a,1,6.638567789166521,0.05703535387874581
951,31,3,a,1,6.911747300251674,0.05703535387874581
952,31,2,d,-1,5.703782474656201,-0.38217081417678855
953,31,2,d,-1,5.497168225293202,-0.38217081417678855
954,31,4,b,1,6.752270376141742,-0.21075361417024396
955,31,4,b,1,5.298317366548036,-0.21075361417024396
956,31,6,d,-1,6.253828811575473,-0.003413009544601664
957,31,6,d,-1,5.393627546352362,-0.003413009544601664
958,32,13,d,-1,,-0.007859083911171183
959,32,13,d,-1,6.16541785423142,-0.007859083911171183
960,32,12,c,-1,5.19295685089021,0.38843387077213265
961,32,12,c,-1,6.54534966033442,0.38843387077213265
962,32,14,a,1,7.163946684342547,0.14478000710369088
963,32,14,a,1,7.752764808851328,0.14478000710369088
964,32,4,c,-1,5.575949103146316,0.3116784066951368
965,32,4,c,-1,6.269096283706261,0.3116784066951368
966,32,5,d,-1,5.393627546352362,-0.04059784402488731
967,32,5,d,-1,6.761572768804055,-0.04059784402488731
968,32,2,a,1,7.212294468500341,0.497972247103462
969,32,2,a,1,5.44673737166631,0.497972247103462
970,32,7,b,1,6.684611727667927,-0.07875486006378196
971,32,7,b,1,5.147494476813453,-0.07875486006378196
972,32,3,b,1,7.80954132465341,-0.0867871894442942
973,32,3,b,1,7.6324011266014535,-0.0867871894442942
974,32,15,b,1,7.475339236566737,-0.36469443430542015
975,32,15,b,1,5.768320995793772,-0.36469443430542015
976,32,16,c,-1,5.236441962829949,0.23193129608989693
977,32,16,c,-1,6.269096283706261,0.23193129608989693
978,32,11,b,1,7.352441100243583,-0.23551733707427047
979,32,11,b,1,7.4360278163518485,-0.23551733707427047
980,32,1,d,-1,,-0.1747479225450661
981,32,1,d,-1,6.522092798170152,-0.1747479225450661
982,32,8,c,-1,5.908082938168931,0.0028219790256117094
983,32,8,c,-1,6.320768294250582,0.0028219790256117094
984,32,6,a,1,6.313548046277095,0.39140784452320077
985,32,6,a,1,6.480044561926653,0.39140784452320077
986,32,10,a,1,6.39024066706535,-0.0587831987941172
987,32,10,a,1,7.179307969504034,-0.0587831987941172
988,32,9,d,-1,,0.140635010699043
989,32,9,d,-1,6.927557906278317,0.140635010699043
990,33,3,c,-1,7.555905093611346,0.05703535387874581
991,33,3,c,-1,5.393627546352362,0.05703535387874581
992,33,14,b,1,7.484368643286131,-0.2122081099951174
993,33,14,b,1,7.73718007783463,-0.2122081099951174
994,33,4,d,-1,,-0.21075361417024396
995,33,4,d,-1,5.4638318050256105,-0.21075361417024396
996,33,5,a,1,6.612041034833092,0.1115649611747358
997,33,5,a,1,,0.1115649611747358
998,33,7,c,-1,5.863631175598097,-0.017159967770567164
999,33,7,c,-1,5.805134968916488,-0.017159967770567164
1000,33,12,d,-1,,-0.2871846380585339
1001,33,12,d,-1,5.214935757608986,-0.2871846380585339
1002,33,16,d,-1,,-0.11800735731958412
1003,33,16,d,-1,5.147494476813453,-0.11800735731958412
1004,33,11,c,-1,5.634789603169249,-0.08934552324353714
1005,33,11,c,-1,4.969813299576001,-0.08934552324353714
1006,33,1,a,1,5.662960480135946,0.0792321980989073
1007,33,1,a,1,,0.0792321980989073
1008,33,8,d,-1,4.912654885736052,-0.10493575324653648
1009,33,8,d,-1,,-0.10493575324653648
1010,33,13,a,1,5.991464547107982,-0.039501111110439524
1011,33,13,a,1,,-0.039501111110439524
1012,33,6,b,1,5.123963979403259,-0.003413009544601664
1013,33,6,b,1,5.19295685089021,-0.003413009544601664
1014,33,9,a,1,,0.2566690714156721
1015,33,9,a,1,,0.2566690714156721
1016,33,10,b,1,,-0.3105253755056765
1017,33,10,b,1,6.095824562432225,-0.3105253755056765
1018,33,2,b,1,5.991464547107982,-0.38217081417678855
1019,33,2,b,1,,-0.38217081417678855
1020,34,11,d,-1,5.0238805208462765,-0.23551733707427047
1021,34,11,d,-1,6.962243464266207,-0.23551733707427047
1022,34,6,c,-1,,0.39140784452320077
1023,34,6,c,-1,,0.39140784452320077
1024,34,14,c,-1,7.347299700743164,0.14478000710369088
1025,34,14,c,-1,5.4116460518550396,0.14478000710369088
1026,34,1,b,1,8.299037181613066,-0.1747479225450661
1027,34,1,b,1,5.318119993844216,-0.1747479225450661
1028,34,9,b,1,8.059592328887545,0.140635010699043
1029,34,9,b,1,4.605170185988092,0.140635010699043
1030,34,10,c,-1,6.595780513961311,-0.0587831987941172
1031,34,10,c,-1,5.4638318050256105,-0.0587831987941172
1032,34,15,d,-1,6.095824562432225,-0.36469443430542015
1033,34,15,d,-1,5.4638318050256105,-0.36469443430542015
1034,34,12,a,1,6.879355804460439,0.38843387077213265
1035,34,12,a,1,6.222576268071369,0.38843387077213265
1036,34,3,d,-1,4.02535169073515,-0.0867871894442942
1037,34,3,d,-1,,-0.0867871894442942
1038,34,4,a,1,6.911747300251674,0.3116784066951368
1039,34,4,a,1,6.3835066348840055,0.3116784066951368
1040,34,5,b,1,,-0.04059784402488731
1041,34,5,b,1,,-0.04059784402488731
1042,34,16,a,1,5.560681631015528,0.23193129608989693
1043,34,16,a,1,,0.23193129608989693
1044,34,7,d,-1,,-0.07875486006378196
1045,34,7,d,-1,5.375278407684165,-0.07875486006378196
1046,34,8,a,1,7.416979621381154,0.0028219790256117094
1047,34,8,a,1,5.929589143389895,0.0028219790256117094
1048,34,13,b,1,7.315883504509785,-0.007859083911171183
1049,34,13,b,1,6.049733455231958,-0.007859083911171183
1050,34,2,c,-1,,0.497972247103462
1051,34,2,c,-1,6.455198563340122,0.497972247103462
1052,35,13,c,-1,4.912654885736052,-0.039501111110439524
1053,35,13,c,-1,6.021023349349527,-0.039501111110439524
1054,35,8,b,1,7.8336002236611035,-0.10493575324653648
1055,35,8,b,1,6.156978985585555,-0.10493575324653648
1056,35,7,a,1,6.98100574072173,-0.017159967770567164
1057,35,7,a,1,4.787491742782046,-0.017159967770567164
1058,35,6,d,-1,6.77078942390898,-0.003413009544601664
1059,35,6,d,-1,5.529429087511423,-0.003413009544601664
1060,35,10,d,-1,6.633318433280377,-0.3105253755056765
1061,35,10,d,-1,,-0.3105253755056765
1062,35,9,c,-1,,0.2566690714156721
1063,35,9,c,-1,6.461468176353717,0.2566690714156721
1064,35,16,b,1,7.935945103353701,-0.11800735731958412
1065,35,16,b,1,5.8971538676367405,-0.11800735731958412
1066,35,12,b,1,7.305188215393037,-0.2871846380585339
1067,35,12,b,1,5.123963979403259,-0.2871846380585339
1068,35,14,d,-1,6.3561076606958915,-0.2122081099951174
1069,35,14,d,-1,6.113682179832232,-0.2122081099951174
1070,35,3,a,1,7.286191714702382,0.05703535387874581
1071,35,3,a,1,7.7475968386928855,0.05703535387874581
1072,35,15,a,1,7.685243607975833,0.20878489772439934
1073,35,15,a,1,,0.20878489772439934
1074,35,4,b,1,7.419380582918692,-0.21075361417024396
1075,35,4,b,1,5.529429087511423,-0.21075361417024396
1076,35,2,d,-1,,-0.38217081417678855
1077,35,2,d,-1,6.1224928095143865,-0.38217081417678855
1078,35,1,c,-1,,0.0792321980989073
1079,35,1,c,-1,6.556778356158042,0.0792321980989073
1080,35,5,c,-1,,0.1115649611747358
1081,35,5,c,-1,5.429345628954441,0.1115649611747358
1082,35,11,a,1,7.347299700743164,-0.08934552324353714
1083,35,11,a,1,6.887552571664617,-0.08934552324353714
1084,36,8,c,-1,4.969813299576001,0.0028219790256117094
1085,36,8,c,-1,,0.0028219790256117094
1086,36,5,d,-1,5.950642552587727,-0.04059784402488731
1087,36,5,d,-1,5.214935757608986,-0.04059784402488731
1088,36,6,a,1,7.707062655370473,0.39140784452320077
1089,36,6,a,1,7.450079569807499,0.39140784452320077
1090,36,3,b,1,6.486160788944089,-0.0867871894442942
1091,36,3,b,1,7.035268599281097,-0.0867871894442942
1092,36,10,a,1,7.404887575616125,-0.0587831987941172
1093,36,10,a,1,7.294377299288821,-0.0587831987941172
1094,36,1,d,-1,4.997212273764115,-0.1747479225450661
1095,36,1,d,-1,5.929589143389895,-0.1747479225450661
1096,36,14,a,1,6.97354301952014,0.14478000710369088
1097,36,14,a,1,7.55171221535131,0.14478000710369088
1098,36,12,c,-1,,0.38843387077213265
1099,36,12,c,-1,5.236441962829949,0.38843387077213265
1100,36,16,c,-1,5.497168225293202,0.23193129608989693
1101,36,16,c,-1,5.19295685089021,0.23193129608989693
1102,36,13,d,-1,,-0.007859083911171183
1103,36,13,d,-1,5.69035945432406,-0.007859083911171183
1104,36,9,d,-1,,0.140635010699043
1105,36,9,d,-1,5.318119993844216,0.140635010699043
1106,36,7,b,1,6.436150368369428,-0.07875486006378196
1107,36,7,b,1,6.113682179832232,-0.07875486006378196
1108,36,15,b,1,7.382746449738912,-0.36469443430542015
1109,36,15,b,1,,-0.36469443430542015
1110,36,11,b,1,6.915723448631314,-0.23551733707427047
1111,36,11,b,1,6.923628628138427,-0.23551733707427047
1112,36,4,c,-1,6.71901315438526,0.3116784066951368
1113,36,4,c,-1,3.784189633918261,0.3116784066951368
1114,36,2,a,1,6.403574197934815,0.497972247103462
1115,36,2,a,1,,0.497972247103462
1116,37,5,a,1,7.824046010856292,0.1115649611747358
1117,37,5,a,1,6.376726947898627,0.1115649611747358
1118,37,9,a,1,7.724888439323074,0.2566690714156721
1119,37,9,a,1,6.756932389247553,0.2566690714156721
1120,37,8,d,-1,6.0014148779611505,-0.10493575324653648
1121,37,8,d,-1,6.551080335043404,-0.10493575324653648
1122,37,10,b,1,6.82001636467413,-0.3105253755056765
1123,37,10,b,1,7.3395376954076745,-0.3105253755056765
1124,37,14,b,1,6.298949246855942,-0.2122081099951174
1125,37,14,b,1,5.840641657373398,-0.2122081099951174
1126,37,1,a,1,7.400009517162692,0.0792321980989073
1127,37,1,a,1,5.44673737166631,0.0792321980989073
1128,37,15,c,-1,5.480638923341991,0.20878489772439934
1129,37,15,c,-1,5.075173815233827,0.20878489772439934
1130,37,13,a,1,,-0.039501111110439524
1131,37,13,a,1,,-0.039501111110439524
1132,37,3,c,-1,7.045776576879511,0.05703535387874581
1133,37,3,c,-1,4.1588830833596715,0.05703535387874581
1134,37,12,d,-1,5.8522024797744745,-0.2871846380585339
1135,37,12,d,-1,5.929589143389895,-0.2871846380585339
1136,37,4,d,-1,5.7430031878094825,-0.21075361417024396
1137,37,4,d,-1,5.393627546352362,-0.21075361417024396
1138,37,6,b,1,6.198478716492308,-0.003413009544601664
1139,37,6,b,1,6.410174881966167,-0.003413009544601664
1140,37,2,b,1,6.198478716492308,-0.38217081417678855
1141,37,2,b,1,5.236441962829949,-0.38217081417678855
1142,37,16,d,-1,,-0.11800735731958412
1143,37,16,d,-1,,-0.11800735731958412
1144,37,11,c,-1,5.840641657373398,-0.08934552324353714
1145,37,11,c,-1,5.19295685089021,-0.08934552324353714
1146,37,7,c,-1,4.997212273764115,-0.017159967770567164
1147,37,7,c,-1,5.545177444479562,-0.017159967770567164
1148,38,15,d,-1,5.147494476813453,-0.36469443430542015
1149,38,15,d,-1,,-0.36469443430542015
1150,38,13,b,1,7.129297548929373,-0.007859083911171183
1151,38,13,b,1,5.147494476813453,-0.007859083911171183
1152,38,12,a,1,7.545389749611823,0.38843387077213265
1153,38,12,a,1,,0.38843387077213265
1154,38,1,b,1,8.163940954755008,-0.1747479225450661
1155,38,1,b,1,6.238324625039508,-0.1747479225450661
1156,38,3,d,-1,7.890582534656536,-0.0867871894442942
1157,38,3,d,-1,6.573680166960646,-0.0867871894442942
1158,38,7,d,-1,5.62040086571715,-0.07875486006378196
1159,38,7,d,-1,,-0.07875486006378196
1160,38,16,a,1,8.316789127071518,0.23193129608989693
1161,38,16,a,1,7.113142108707088,0.23193129608989693
1162,38,8,a,1,7.696212639346407,0.0028219790256117094
1163,38,8,a,1,5.2574953720277815,0.0028219790256117094
1164,38,9,b,1,7.404887575616125,0.140635010699043
1165,38,9,b,1,5.214935757608986,0.140635010699043
1166,38,5,b,1,7.659171367666058,-0.04059784402488731
1167,38,5,b,1,7.069874128458572,-0.04059784402488731
1168,38,11,d,-1,7.288927694521257,-0.23551733707427047
1169,38,11,d,-1,8.091933455979893,-0.23551733707427047
1170,38,10,c,-1,8.325548307161398,-0.0587831987941172
1171,38,10,c,-1,5.318119993844216,-0.0587831987941172
1172,38,2,c,-1,6.5337888379333435,0.497972247103462
1173,38,2,c,-1,7.151485463904735,0.497972247103462
1174,38,14,c,-1,7.875499292445208,0.14478000710369088
1175,38,14,c,-1,6.030685260261263,0.14478000710369088
1176,38,6,c,-1,8.326516830239528,0.39140784452320077
1177,38,6,c,-1,5.7430031878094825,0.39140784452320077
1178,38,4,a,1,8.755264763314685,0.3116784066951368
1179,38,4,a,1,7.515344571180436,0.3116784066951368
1180,39,7,a,1,,-0.017159967770567164
1181,39,7,a,1,,-0.017159967770567164
1182,39,6,d,-1,,-0.003413009544601664
1183,39,6,d,-1,,-0.003413009544601664
1184,39,10,d,-1,,-0.3105253755056765
1185,39,10,d,-1,,-0.3105253755056765
1186,39,12,b,1,,-0.2871846380585339
1187,39,12,b,1,,-0.2871846380585339
1188,39,13,c,-1,,-0.039501111110439524
1189,39,13,c,-1,,-0.039501111110439524
1190,39,2,d,-1,,-0.38217081417678855
1191,39,2,d,-1,,-0.38217081417678855
1192,39,15,a,1,,0.20878489772439934
1193,39,15,a,1,,0.20878489772439934
1194,39,16,b,1,,-0.11800735731958412
1195,39,16,b,1,,-0.11800735731958412
1196,39,5,c,-1,,0.1115649611747358
1197,39,5,c,-1,,0.1115649611747358
1198,39,4,b,1,6.556778356158042,-0.21075361417024396
1199,39,4,b,1,,-0.21075361417024396
1200,39,1,c,-1,,0.0792321980989073
1201,39,1,c,-1,,0.0792321980989073
1202,39,14,d,-1,,-0.2122081099951174
1203,39,14,d,-1,,-0.2122081099951174
1204,39,11,a,1,5.44673737166631,-0.08934552324353714
1205,39,11,a,1,6.396929655216146,-0.08934552324353714
1206,39,9,c,-1,,0.2566690714156721
1207,39,9,c,-1,5.793013608384144,0.2566690714156721
1208,39,8,b,1,6.946975992135418,-0.10493575324653648
1209,39,8,b,1,,-0.10493575324653648
1210,39,3,a,1,6.962243464266207,0.05703535387874581
1211,39,3,a,1,,0.05703535387874581
1212,40,12,c,-1,5.662960480135946,0.38843387077213265
1213,40,12,c,-1,6.617402977974478,0.38843387077213265
1214,40,3,b,1,6.946975992135418,-0.0867871894442942
1215,40,3,b,1,7.7458682297922685,-0.0867871894442942
1216,40,10,a,1,4.6443908991413725,-0.0587831987941172
1217,40,10,a,1,7.003065458786462,-0.0587831987941172
1218,40,9,d,-1,6.206575926724928,0.140635010699043
1219,40,9,d,-1,5.0238805208462765,0.140635010699043
1220,40,6,a,1,6.423246963533519,0.39140784452320077
1221,40,6,a,1,6.946975992135418,0.39140784452320077
1222,40,13,d,-1,6.156978985585555,-0.007859083911171183
1223,40,13,d,-1,6.16541785423142,-0.007859083911171183
1224,40,5,d,-1,5.318119993844216,-0.04059784402488731
1225,40,5,d,-1,6.298949246855942,-0.04059784402488731
1226,40,8,c,-1,5.4638318050256105,0.0028219790256117094
1227,40,8,c,-1,5.5134287461649825,0.0028219790256117094
1228,40,14,a,1,6.16541785423142,0.14478000710369088
1229,40,14,a,1,7.342131730584722,0.14478000710369088
1230,40,15,b,1,5.298317366548036,-0.36469443430542015
1231,40,15,b,1,6.498282149476434,-0.36469443430542015
1232,40,4,c,-1,,0.3116784066951368
1233,40,4,c,-1,,0.3116784066951368
1234,40,11,b,1,6.633318433280377,-0.23551733707427047
1235,40,11,b,1,5.8522024797744745,-0.23551733707427047
1236,40,16,c,-1,5.19295685089021,0.23193129608989693
1237,40,16,c,-1,,0.23193129608989693
1238,40,1,d,-1,6.0014148779611505,-0.1747479225450661
1239,40,1,d,-1,5.863631175598097,-0.1747479225450661
1240,40,7,b,1,6.095824562432225,-0.07875486006378196
1241,40,7,b,1,6.573680166960646,-0.07875486006378196
1242,40,2,a,1,7.428927194802272,0.497972247103462
1243,40,2,a,1,5.634789603169249,0.497972247103462
1244,41,2,b,1,7.24422751560335,-0.38217081417678855
1245,41,2,b,1,5.605802066295998,-0.38217081417678855
1246,41,15,c,-1,6.049733455231958,0.20878489772439934
1247,41,15,c,-1,,0.20878489772439934
1248,41,13,a,1,7.261225091971921,-0.039501111110439524
1249,41,13,a,1,5.87493073085203,-0.039501111110439524
1250,41,10,b,1,6.467698726104354,-0.3105253755056765
1251,41,10,b,1,5.717027701406222,-0.3105253755056765
1252,41,11,c,-1,6.3561076606958915,-0.08934552324353714
1253,41,11,c,-1,5.298317366548036,-0.08934552324353714
1254,41,1,a,1,7.560080465021827,0.0792321980989073
1255,41,1,a,1,5.2574953720277815,0.0792321980989073
1256,41,14,b,1,7.024649030453636,-0.2122081099951174
1257,41,14,b,1,6.62273632394984,-0.2122081099951174
1258,41,6,b,1,7.086737934510577,-0.003413009544601664
1259,41,6,b,1,7.847762537473608,-0.003413009544601664
1260,41,5,a,1,7.188412736496954,0.1115649611747358
1261,41,5,a,1,,0.1115649611747358
1262,41,16,d,-1,6.403574197934815,-0.11800735731958412
1263,41,16,d,-1,,-0.11800735731958412
1264,41,8,d,-1,5.5134287461649825,-0.10493575324653648
1265,41,8,d,-1,5.717027701406222,-0.10493575324653648
1266,41,3,c,-1,6.467698726104354,0.05703535387874581
1267,41,3,c,-1,6.269096283706261,0.05703535387874581
1268,41,4,d,-1,6.327936783729195,-0.21075361417024396
1269,41,4,d,-1,5.780743515792329,-0.21075361417024396
1270,41,12,d,-1,5.8522024797744745,-0.2871846380585339
1271,41,12,d,-1,5.918893854273146,-0.2871846380585339
1272,41,9,a,1,6.9957661563048505,0.2566690714156721
1273,41,9,a,1,5.971261839790462,0.2566690714156721
1274,41,7,c,-1,5.929589143389895,-0.017159967770567164
1275,41,7,c,-1,4.852030263919617,-0.017159967770567164
1276,42,10,c,-1,6.238324625039508,-0.0587831987941172
1277,42,10,c,-1,,-0.0587831987941172
1278,42,2,c,-1,4.997212273764115,0.497972247103462
1279,42,2,c,-1,5.236441962829949,0.497972247103462
1280,42,6,c,-1,6.480044561926653,0.39140784452320077
1281,42,6,c,-1,4.430816798843313,0.39140784452320077
1282,42,7,d,-1,5.703782474656201,-0.07875486006378196
1283,42,7,d,-1,5.480638923341991,-0.07875486006378196
1284,42,4,a,1,6.539585955617669,0.3116784066951368
1285,42,4,a,1,,0.3116784066951368
1286,42,12,a,1,6.802394763324311,0.38843387077213265
1287,42,12,a,1,,0.38843387077213265
1288,42,5,b,1,6.828712071641684,-0.04059784402488731
1289,42,5,b,1,,-0.04059784402488731
1290,42,13,b,1,6.97354301952014,-0.007859083911171183
1291,42,13,b,1,6.104793232414985,-0.007859083911171183
1292,42,15,d,-1,,-0.36469443430542015
1293,42,15,d,-1,,-0.36469443430542015
1294,42,9,b,1,6.077642243349034,0.140635010699043
1295,42,9,b,1,5.318119993844216,0.140635010699043
1296,42,14,c,-1,6.1224928095143865,0.14478000710369088
1297,42,14,c,-1,5.337538079701318,0.14478000710369088
1298,42,11,d,-1,,-0.23551733707427047
1299,42,11,d,-1,,-0.23551733707427047
1300,42,1,b,1,5.356586274672012,-0.1747479225450661
1301,42,1,b,1,5.529429087511423,-0.1747479225450661
1302,42,16,a,1,,0.23193129608989693
1303,42,16,a,1,,0.23193129608989693
1304,42,3,d,-1,6.694562058521095,-0.0867871894442942
1305,42,3,d,-1,6.568077911411976,-0.0867871894442942
1306,42,8,a,1,,0.0028219790256117094
1307,42,8,a,1,,0.0028219790256117094
1308,43,4,b,1,7.447751280047908,-0.21075361417024396
1309,43,4,b,1,,-0.21075361417024396
1310,43,8,b,1,7.0317412587631285,-0.10493575324653648
1311,43,8,b,1,,-0.10493575324653648
1312,43,10,d,-1,6.988413181999592,-0.3105253755056765
1313,43,10,d,-1,5.429345628954441,-0.3105253755056765
1314,43,13,c,-1,,-0.039501111110439524
1315,43,13,c,-1,6.040254711277414,-0.039501111110439524
1316,43,3,a,1,6.903747257584598,0.05703535387874581
1317,43,3,a,1,6.96979066990159,0.05703535387874581
1318,43,11,a,1,7.302496423727326,-0.08934552324353714
1319,43,11,a,1,6.93537044601511,-0.08934552324353714
1320,43,1,c,-1,,0.0792321980989073
1321,43,1,c,-1,7.395107546562485,0.0792321980989073
1322,43,9,c,-1,5.049856007249537,0.2566690714156721
1323,43,9,c,-1,6.828712071641684,0.2566690714156721
1324,43,15,a,1,6.461468176353717,0.20878489772439934
1325,43,15,a,1,5.375278407684165,0.20878489772439934
1326,43,6,d,-1,5.991464547107982,-0.003413009544601664
1327,43,6,d,-1,5.575949103146316,-0.003413009544601664
1328,43,5,c,-1,,0.1115649611747358
1329,43,5,c,-1,5.560681631015528,0.1115649611747358
1330,43,16,b,1,7.421775793644647,-0.11800735731958412
1331,43,16,b,1,6.113682179832232,-0.11800735731958412
1332,43,7,a,1,7.212294468500341,-0.017159967770567164
1333,43,7,a,1,5.375278407684165,-0.017159967770567164
1334,43,2,d,-1,4.941642422609304,-0.38217081417678855
1335,43,2,d,-1,7.651595573857601,-0.38217081417678855
1336,43,12,b,1,6.664409020350408,-0.2871846380585339
1337,43,12,b,1,5.170483995038151,-0.2871846380585339
1338,43,14,d,-1,6.423246963533519,-0.2122081099951174
1339,43,14,d,-1,3.9512437185814275,-0.2122081099951174
1340,44,12,c,-1,6.198478716492308,0.38843387077213265
1341,44,12,c,-1,6.261491684321042,0.38843387077213265
1342,44,4,c,-1,6.059123195581797,0.3116784066951368
1343,44,4,c,-1,5.648974238161206,0.3116784066951368
1344,44,16,c,-1,5.393627546352362,0.23193129608989693
1345,44,16,c,-1,5.886104031450156,0.23193129608989693
1346,44,11,b,1,6.841615476477592,-0.23551733707427047
1347,44,11,b,1,7.421775793644647,-0.23551733707427047
1348,44,6,a,1,7.947325027016463,0.39140784452320077
1349,44,6,a,1,7.22983877815125,0.39140784452320077
1350,44,3,b,1,7.426549072397305,-0.0867871894442942
1351,44,3,b,1,7.486613313139955,-0.0867871894442942
1352,44,9,d,-1,5.793013608384144,0.140635010699043
1353,44,9,d,-1,6.335054251498059,0.140635010699043
1354,44,5,d,-1,6.0014148779611505,-0.04059784402488731
1355,44,5,d,-1,,-0.04059784402488731
1356,44,1,d,-1,,-0.1747479225450661
1357,44,1,d,-1,6.97354301952014,-0.1747479225450661
1358,44,14,a,1,8.83346272071993,0.14478000710369088
1359,44,14,a,1,8.605936401250625,0.14478000710369088
1360,44,8,c,-1,6.269096283706261,0.0028219790256117094
1361,44,8,c,-1,,0.0028219790256117094
1362,44,7,b,1,7.059617628291383,-0.07875486006378196
1363,44,7,b,1,,-0.07875486006378196
1364,44,13,d,-1,,-0.007859083911171183
1365,44,13,d,-1,5.4638318050256105,-0.007859083911171183
1366,44,15,b,1,7.200424892944957,-0.36469443430542015
1367,44,15,b,1,5.44673737166631,-0.36469443430542015
1368,44,2,a,1,7.194436851100335,0.497972247103462
1369,44,2,a,1,4.912654885736052,0.497972247103462
1370,44,10,a,1,8.281977058867758,-0.0587831987941172
1371,44,10,a,1,6.862757913051401,-0.0587831987941172
1372,45,16,d,-1,,-0.11800735731958412
1373,45,16,d,-1,4.969813299576001,-0.11800735731958412
1374,45,10,b,1,8.04044688130311,-0.3105253755056765
1375,45,10,b,1,7.24422751560335,-0.3105253755056765
1376,45,2,b,1,7.076653815443951,-0.38217081417678855
1377,45,2,b,1,5.634789603169249,-0.38217081417678855
1378,45,3,c,-1,8.343791731996841,0.05703535387874581
1379,45,3,c,-1,5.793013608384144,0.05703535387874581
1380,45,11,c,-1,6.516193076042964,-0.08934552324353714
1381,45,11,c,-1,6.664409020350408,-0.08934552324353714
1382,45,5,a,1,7.382746449738912,0.1115649611747358
1383,45,5,a,1,7.23561914106675,0.1115649611747358
1384,45,12,d,-1,,-0.2871846380585339
1385,45,12,d,-1,5.278114659230517,-0.2871846380585339
1386,45,8,d,-1,,-0.10493575324653648
1387,45,8,d,-1,6.049733455231958,-0.10493575324653648
1388,45,15,c,-1,5.123963979403259,0.20878489772439934
1389,45,15,c,-1,5.8289456176102075,0.20878489772439934
1390,45,14,b,1,7.135687347028144,-0.2122081099951174
1391,45,14,b,1,7.557994958530806,-0.2122081099951174
1392,45,7,c,-1,5.940171252720432,-0.017159967770567164
1393,45,7,c,-1,5.7430031878094825,-0.017159967770567164
1394,45,6,b,1,7.491087593534876,-0.003413009544601664
1395,45,6,b,1,7.419380582918692,-0.003413009544601664
1396,45,1,a,1,,0.0792321980989073
1397,45,1,a,1,,0.0792321980989073
1398,45,4,d,-1,5.87493073085203,-0.21075361417024396
1399,45,4,d,-1,5.2574953720277815,-0.21075361417024396
1400,45,9,a,1,7.668561108015897,0.2566690714156721
1401,45,9,a,1,6.139884552226255,0.2566690714156721
1402,45,13,a,1,5.87493073085203,-0.039501111110439524
1403,45,13,a,1,,-0.039501111110439524
1404,46,2,c,-1,6.131226489483141,0.497972247103462
1405,46,2,c,-1,5.755742213586912,0.497972247103462
1406,46,15,d,-1,6.29156913955832,-0.36469443430542015
1407,46,15,d,-1,5.8971538676367405,-0.36469443430542015
1408,46,8,a,1,7.731930721948486,0.0028219790256117094
1409,46,8,a,1,5.0238805208462765,0.0028219790256117094
1410,46,10,c,-1,7.59488438721652,-0.0587831987941172
1411,46,10,c,-1,,-0.0587831987941172
1412,46,11,d,-1,7.638198244285779,-0.23551733707427047
1413,46,11,d,-1,6.51025834052315,-0.23551733707427047
1414,46,5,b,1,6.492239835020471,-0.04059784402488731
1415,46,5,b,1,,-0.04059784402488731
1416,46,4,a,1,7.024649030453636,0.3116784066951368
1417,46,4,a,1,,0.3116784066951368
1418,46,9,b,1,7.362645270417825,0.140635010699043
1419,46,9,b,1,,0.140635010699043
1420,46,3,d,-1,7.116394144093465,-0.0867871894442942
1421,46,3,d,-1,,-0.0867871894442942
1422,46,16,a,1,7.622663951323595,0.23193129608989693
1423,46,16,a,1,6.416732282512326,0.23193129608989693
1424,46,6,c,-1,7.349873704738337,0.39140784452320077
1425,46,6,c,-1,6.049733455231958,0.39140784452320077
1426,46,7,d,-1,,-0.07875486006378196
1427,46,7,d,-1,6.71901315438526,-0.07875486006378196
1428,46,1,b,1,6.811244378601294,-0.1747479225450661
1429,46,1,b,1,,-0.1747479225450661
1430,46,14,c,-1,7.176254532017144,0.14478000710369088
1431,46,14,c,-1,5.429345628954441,0.14478000710369088
1432,46,13,b,1,7.3395376954076745,-0.007859083911171183
1433,46,13,b,1,6.077642243349034,-0.007859083911171183
1434,46,12,a,1,7.419380582918692,0.38843387077213265
1435,46,12,a,1,5.19295685089021,0.38843387077213265
1436,47,12,b,1,7.203405521083095,-0.2871846380585339
1437,47,12,b,1,5.87493073085203,-0.2871846380585339
1438,47,9,c,-1,5.19295685089021,0.2566690714156721
1439,47,9,c,-1,6.403574197934815,0.2566690714156721
1440,47,4,b,1,7.6128310304073565,-0.21075361417024396
1441,47,4,b,1,6.950814768442584,-0.21075361417024396
1442,47,10,d,-1,6.879355804460439,-0.3105253755056765
1443,47,10,d,-1,,-0.3105253755056765
1444,47,13,c,-1,5.5134287461649825,-0.039501111110439524
1445,47,13,c,-1,6.182084906716632,-0.039501111110439524
1446,47,15,a,1,6.999422467507961,0.20878489772439934
1447,47,15,a,1,4.430816798843313,0.20878489772439934
1448,47,16,b,1,6.573680166960646,-0.11800735731958412
1449,47,16,b,1,5.214935757608986,-0.11800735731958412
1450,47,5,c,-1,5.375278407684165,0.1115649611747358
1451,47,5,c,-1,6.298949246855942,0.1115649611747358
1452,47,14,d,-1,6.56244409369372,-0.2122081099951174
1453,47,14,d,-1,6.238324625039508,-0.2122081099951174
1454,47,1,c,-1,,0.0792321980989073
1455,47,1,c,-1,6.480044561926653,0.0792321980989073
1456,47,7,a,1,7.8632667240095735,-0.017159967770567164
1457,47,7,a,1,5.337538079701318,-0.017159967770567164
1458,47,3,a,1,6.173786103901937,0.05703535387874581
1459,47,3,a,1,7.424165281042028,0.05703535387874581
1460,47,2,d,-1,5.318119993844216,-0.38217081417678855
1461,47,2,d,-1,5.4116460518550396,-0.38217081417678855
1462,47,6,d,-1,6.269096283706261,-0.003413009544601664
1463,47,6,d,-1,,-0.003413009544601664
1464,47,11,a,1,8.044305406990638,-0.08934552324353714
1465,47,11,a,1,7.8160138391590275,-0.08934552324353714
1466,47,8,b,1,7.466227556215481,-0.10493575324653648
1467,47,8,b,1,5.8971538676367405,-0.10493575324653648
1468,48,1,d,-1,5.4116460518550396,-0.1747479225450661
1469,48,1,d,-1,4.605170185988092,-0.1747479225450661
1470,48,14,a,1,6.504288173536645,0.14478000710369088
1471,48,14,a,1,7.315883504509785,0.14478000710369088
1472,48,6,a,1,7.154615356913663,0.39140784452320077
1473,48,6,a,1,7.218176838403408,0.39140784452320077
1474,48,12,c,-1,6.327936783729195,0.38843387077213265
1475,48,12,c,-1,5.817111159963204,0.38843387077213265
1476,48,2,a,1,6.862757913051401,0.497972247103462
1477,48,2,a,1,5.575949103146316,0.497972247103462
1478,48,9,d,-1,5.908082938168931,0.140635010699043
1479,48,9,d,-1,5.429345628954441,0.140635010699043
1480,48,10,a,1,,-0.0587831987941172
1481,48,10,a,1,5.429345628954441,-0.0587831987941172
1482,48,11,b,1,5.717027701406222,-0.23551733707427047
1483,48,11,b,1,6.040254711277414,-0.23551733707427047
1484,48,16,c,-1,5.634789603169249,0.23193129608989693
1485,48,16,c,-1,5.676753802268282,0.23193129608989693
1486,48,4,c,-1,5.44673737166631,0.3116784066951368
1487,48,4,c,-1,5.4638318050256105,0.3116784066951368
1488,48,3,b,1,6.0867747269123065,-0.0867871894442942
1489,48,3,b,1,6.71901315438526,-0.0867871894442942
1490,48,15,b,1,6.284134161070802,-0.36469443430542015
1491,48,15,b,1,5.817111159963204,-0.36469443430542015
1492,48,8,c,-1,6.573680166960646,0.0028219790256117094
1493,48,8,c,-1,5.605802066295998,0.0028219790256117094
1494,48,13,d,-1,6.461468176353717,-0.007859083911171183
1495,48,13,d,-1,5.049856007249537,-0.007859083911171183
1496,48,7,b,1,6.684611727667927,-0.07875486006378196
1497,48,7,b,1,6.467698726104354,-0.07875486006378196
